title,description,category,duration,time_to_deadline,description_length,is_urgent,priority
Створити презентацію на тему маркетингова кампанія,Прочитати розділ маркетингова кампанія.,Навчання,158,20.0,39,0,2
Виконати завдання з математики,Виконати завдання з математики.,Навчання,365,,31,0,2
Відвідати спортзал з родиною,Організувати наради.,Особисте,314,4.0,20,0,2
Зробити підготовка звіту,Написати email клієнту щодо маркетингова кампанія.,Робота,304,15.0,50,0,3
Прибрати спортзал,Організувати наради.,Особисте,284,,20,0,2
Підготувати фінансовий звіт,Завершити проєктний аналіз перед 1971-06-14.,Робота,416,11.0,44,0,3
Спланувати похід в кіно з друзями,Спланувати похід в кіно з друзями.,Особисте,451,,34,0,2
Відвідати спортзал з родиною,Спланувати похід в кіно з друзями.,Особисте,352,4.0,34,0,2
Забронювати готель,Забронювати готель.,Подорожі,379,9.0,19,0,2
Дослідити місцеві пам'ятки в хутір Судак,Спланувати поїздку до місто Рава-Руська.,Подорожі,31,5.0,40,0,2
Прибрати спортзал,Організувати наради.,Особисте,440,5.0,20,0,2
Виконати завдання з математики,Виконати завдання з математики.,Навчання,403,2.0,31,0,2
Відвідати спортзал з родиною,Організувати наради.,Особисте,293,12.0,20,0,2
Тренування на біцепс,Відвідати спортзал для спорту.,Спорт,40,27.0,30,0,1
Зібрати речі для поїздка,Зібрати речі для поїздка.,Подорожі,409,4.0,25,0,2
Тренування на біцепс,Тренування на біцепс.,Спорт,43,21.0,21,0,1
Забронювати готель,,Подорожі,392,13.0,52,0,2
Прочитати маркетингова кампанія,Виконати завдання з математики.,Навчання,134,24.0,31,0,2
Організувати наради,Написати email клієнту щодо маркетингова кампанія.,Робота,387,2.0,50,0,3
Підготуватися до спортивні змагання,Підготуватися до спортивні змагання.,Спорт,324,29.0,36,0,2
Відвідати спортзал для спорту,Підготуватися до спортивні змагання.,Спорт,195,,36,0,2
Забронювати готель для вихідного дня,Відвідати спортзал з родиною.,Особисте,202,26.0,29,0,2
Завершити підготовка звіту,Підготувати звіт про маркетингова кампанія.,Робота,385,4.0,43,0,3
Розрахувати бюджет на наради,Дослідити місцеві визначні пам'ятки в село Луганськ.,Подорожі,131,3.0,52,0,2
Підготувати фінансовий звіт,Завершити проєктний аналіз перед 2021-01-20.,Робота,473,29.0,44,0,3
Прибрати спортзал,Спланувати похід в кіно з друзями.,Особисте,118,11.0,34,0,2
Забронювати готель,Розрахувати бюджет на наради.,Подорожі,128,21.0,29,0,2
Зайнятися кардіо,Зайнятися кардіо.,Спорт,279,25.0,17,0,2
Розрахувати бюджет на наради,Спланувати поїздку до хутір Охтирка.,Подорожі,100,2.0,36,0,2
Зробити підготовка звіту,Написати email клієнту щодо маркетингова кампанія.,Робота,354,5.0,50,0,3
Зібрати речі для поїздка,Дослідити місцеві визначні пам'ятки в село Тростянець.,Подорожі,169,26.0,54,0,2
Спланувати похід в кіно з друзями,Організувати наради.,Особисте,129,,20,0,2
Прочитати маркетингова кампанія,Вивчити 12 нових слів.,Навчання,95,18.0,22,0,2
Написати email,,Робота,181,23.0,32,0,3
Дослідити місцеві пам'ятки в село Липовець,Розрахувати бюджет на наради.,Подорожі,194,16.0,29,0,2
Дослідити місцеві пам'ятки в селище Харцизьк,,Подорожі,312,30.0,19,0,2
Пробігти 7 км,Пробігти 10 км.,Спорт,467,2.0,15,0,2
Розрахувати бюджет на наради,Спланувати поїздку до місто Роздільна.,Подорожі,477,12.0,38,0,2
Спланувати поїздку до хутір Іллінці,Розрахувати бюджет на наради.,Подорожі,193,29.0,29,0,2
Дослідити місцеві пам'ятки в хутір Ромни,Зібрати речі для поїздка.,Подорожі,427,2.0,25,0,2
Дослідити місцеві пам'ятки в село Буча,Забронювати готель.,Подорожі,235,3.0,19,0,2
Написати email,Завершити проєктний аналіз перед 2020-07-21.,Робота,323,3.0,44,0,3
Дослідити місцеві пам'ятки в село Миргород,Дослідити місцеві визначні пам'ятки в село Голубівка.,Подорожі,288,27.0,53,0,2
Зібрати речі для поїздка,Зібрати речі для поїздка.,Подорожі,132,24.0,25,0,2
Виконати завдання з математики,Підготуватися до наради.,Навчання,91,16.0,24,0,2
Спланувати поїздку до хутір Сокаль,Спланувати поїздку до місто Вараш.,Подорожі,201,19.0,34,0,2
Зібрати речі для поїздка,Дослідити місцеві визначні пам'ятки в місто Кам'янське.,Подорожі,288,24.0,55,0,2
Зібрати речі для поїздка,Зібрати речі для поїздка.,Подорожі,77,14.0,25,0,2
Відвідати спортзал з родиною,Забронювати готель для вихідного дня.,Особисте,72,7.0,37,0,2
Спланувати похід в кіно з друзями,Організувати наради.,Особисте,260,6.0,20,0,2
Відвідати спортзал з родиною,Організувати наради.,Особисте,394,0.0,20,1,3
Відвідати спортзал з родиною,Прибрати спортзал.,Особисте,305,-1.0,18,1,3
Відвідати спортзал з родиною,Спланувати похід в кіно з друзями.,Особисте,40,3.0,34,0,2
Прочитати маркетингова кампанія,Підготуватися до наради.,Навчання,314,26.0,24,0,2
Створити презентацію на тему маркетингова кампанія,Виконати завдання з математики.,Навчання,191,1.0,31,0,3
Організувати наради,Відвідати спортзал з родиною.,Особисте,301,5.0,29,0,2
Організувати наради,Забронювати готель для вихідного дня.,Особисте,480,2.0,37,0,2
Написати email,Підготувати звіт про маркетингова кампанія.,Робота,147,-1.0,43,1,3
Забронювати готель,Розрахувати бюджет на наради.,Подорожі,191,20.0,29,0,2
Створити презентацію на тему маркетингова кампанія,Вивчити 14 нових слів.,Навчання,92,13.0,22,0,2
Завершити підготовка звіту,Написати email клієнту щодо маркетингова кампанія.,Робота,58,3.0,50,0,2
Відвідати спортзал для спорту,Пробігти 8 км.,Спорт,347,28.0,14,0,2
Організувати наради,Прибрати спортзал.,Особисте,286,25.0,18,0,2
Написати email,Завершити проєктний аналіз перед 2016-10-15.,Робота,333,-1.0,44,1,3
Відвідати спортзал з родиною,Спланувати похід в кіно з друзями.,Особисте,402,21.0,34,0,2
Виконати завдання з математики,Підготуватися до наради.,Навчання,185,5.0,24,0,2
Написати email,Написати email клієнту щодо маркетингова кампанія.,Робота,224,0.0,50,1,3
Розрахувати бюджет на наради,Дослідити місцеві визначні пам'ятки в село Сокиряни.,Подорожі,475,4.0,52,0,2
Розрахувати бюджет на наради,Забронювати готель.,Подорожі,128,5.0,19,0,2
Спланувати поїздку до хутір Іловайськ,Спланувати поїздку до місто Луцьк.,Подорожі,146,23.0,34,0,2
Зробити підготовка звіту,Завершити проєктний аналіз перед 2024-02-24.,Робота,425,20.0,44,0,3
Тренування на біцепс,Зайнятися кардіо.,Спорт,468,2.0,17,0,2
Дослідити місцеві пам'ятки в хутір Київ,Розрахувати бюджет на наради.,Подорожі,215,29.0,29,0,2
Тренування на біцепс,Тренування на біцепс.,Спорт,240,18.0,21,0,2
Зробити підготовка звіту,Організувати наради для команди.,Робота,159,10.0,32,0,3
Дослідити місцеві пам'ятки в місто Золоте,Дослідити місцеві визначні пам'ятки в хутір Бахмут.,Подорожі,270,1.0,51,0,3
Вивчити 18 нових слів,Створити презентацію на тему маркетингова кампанія.,Навчання,345,3.0,51,0,2
Вивчити 11 нових слів,Створити презентацію на тему маркетингова кампанія.,Навчання,25,24.0,51,0,1
Організувати наради,Написати email клієнту щодо маркетингова кампанія.,Робота,332,27.0,50,0,3
Завершити підготовка звіту,Підготувати фінансовий звіт.,Робота,145,21.0,28,0,3
Написати email,Організувати наради для команди.,Робота,212,14.0,32,0,3
Підготуватися до спортивні змагання,Пробігти 8 км.,Спорт,70,1.0,14,0,3
Підготуватися до спортивні змагання,Підготуватися до спортивні змагання.,Спорт,424,23.0,36,0,2
Зробити підготовка звіту,Підготувати звіт про маркетингова кампанія.,Робота,177,25.0,43,0,3
Спланувати похід в кіно з друзями,Забронювати готель для вихідного дня.,Особисте,89,10.0,37,0,2
Забронювати готель,Зібрати речі для поїздка.,Подорожі,53,26.0,25,0,1
Організувати наради,Забронювати готель для вихідного дня.,Особисте,189,,37,0,2
Розрахувати бюджет на наради,Дослідити місцеві визначні пам'ятки в хутір Новгород-Сіверський.,Подорожі,41,2.0,64,0,2
Забронювати готель,,Подорожі,441,12.0,25,0,2
Дослідити місцеві пам'ятки в селище Белз,Розрахувати бюджет на наради.,Подорожі,138,23.0,29,0,2
Дослідити місцеві пам'ятки в місто Гола Пристань,Спланувати поїздку до хутір Ніжин.,Подорожі,285,4.0,34,0,2
Вивчити 17 нових слів,Вивчити 11 нових слів.,Навчання,27,15.0,22,0,1
Тренування на біцепс,Підготуватися до спортивні змагання.,Спорт,60,26.0,36,0,1
Створити презентацію на тему маркетингова кампанія,Вивчити 17 нових слів.,Навчання,332,25.0,22,0,2
Прочитати маркетингова кампанія,Виконати завдання з математики.,Навчання,256,5.0,31,0,2
Вивчити 11 нових слів,Прочитати розділ маркетингова кампанія.,Навчання,52,25.0,39,0,1
Забронювати готель для вихідного дня,Прибрати спортзал.,Особисте,367,3.0,18,0,2
Тренування на біцепс,Зайнятися кардіо.,Спорт,273,20.0,17,0,2
Дослідити місцеві пам'ятки в селище Берегове,Розрахувати бюджет на наради.,Подорожі,406,14.0,29,0,2
Відвідати спортзал з родиною,Прибрати спортзал.,Особисте,127,8.0,18,0,2
Підготуватися до спортивні змагання,Тренування на біцепс.,Спорт,475,3.0,21,0,2
Забронювати готель для вихідного дня,Відвідати спортзал з родиною.,Особисте,220,4.0,29,0,2
Тренування на біцепс,Тренування на біцепс.,Спорт,138,29.0,21,0,2
Прибрати спортзал,Прибрати спортзал.,Особисте,146,-1.0,18,1,3
Завершити підготовка звіту,Підготувати звіт про маркетингова кампанія.,Робота,308,9.0,43,0,3
Прибрати спортзал,Прибрати спортзал.,Особисте,294,25.0,18,0,2
Організувати наради,Організувати наради.,Особисте,256,9.0,20,0,2
Розрахувати бюджет на наради,Спланувати поїздку до місто Городня.,Подорожі,477,15.0,36,0,2
Забронювати готель,Спланувати поїздку до хутір Сквира.,Подорожі,87,,35,0,2
Прочитати маркетингова кампанія,Створити презентацію на тему маркетингова кампанія.,Навчання,401,28.0,51,0,2
Забронювати готель,,Подорожі,434,-1.0,52,1,3
Розрахувати бюджет на наради,Дослідити місцеві визначні пам'ятки в село Звенигородка.,Подорожі,409,25.0,56,0,2
Зробити підготовка звіту,Завершити проєктний аналіз перед 1984-06-30.,Робота,125,16.0,44,0,3
Розрахувати бюджет на наради,Розрахувати бюджет на наради.,Подорожі,447,26.0,29,0,2
Зробити підготовка звіту,Написати email клієнту щодо маркетингова кампанія.,Робота,278,27.0,50,0,3
Зайнятися кардіо,Підготуватися до спортивні змагання.,Спорт,362,30.0,36,0,2
Зібрати речі для поїздка,Розрахувати бюджет на наради.,Подорожі,239,1.0,29,0,3
Підготуватися до спортивні змагання,Відвідати спортзал для спорту.,Спорт,344,27.0,30,0,2
Спланувати поїздку до селище Жидачів,Розрахувати бюджет на наради.,Подорожі,193,9.0,29,0,2
Пробігти 6 км,,Спорт,390,,14,0,2
Розрахувати бюджет на наради,Спланувати поїздку до місто Зборів.,Подорожі,274,11.0,35,0,2
Виконати завдання з математики,Створити презентацію на тему маркетингова кампанія.,Навчання,95,8.0,51,0,2
Пробігти 10 км,Підготуватися до спортивні змагання.,Спорт,166,22.0,36,0,2
Відвідати спортзал для спорту,Відвідати спортзал для спорту.,Спорт,239,0.0,30,1,3
Створити презентацію на тему маркетингова кампанія,Виконати завдання з математики.,Навчання,276,26.0,31,0,2
Організувати наради,Прибрати спортзал.,Особисте,302,25.0,18,0,2
Зайнятися кардіо,Відвідати спортзал для спорту.,Спорт,135,28.0,30,0,2
Організувати наради,,Робота,182,5.0,28,0,3
Дослідити місцеві пам'ятки в селище Мерефа,Дослідити місцеві визначні пам'ятки в хутір Покров.,Подорожі,461,6.0,51,0,2
Зайнятися кардіо,Відвідати спортзал для спорту.,Спорт,141,21.0,30,0,2
Тренування на біцепс,Підготуватися до спортивні змагання.,Спорт,26,4.0,36,0,2
Прибрати спортзал,Організувати наради.,Особисте,148,11.0,20,0,2
Пробігти 9 км,Підготуватися до спортивні змагання.,Спорт,307,12.0,36,0,2
Завершити підготовка звіту,Організувати наради для команди.,Робота,215,23.0,32,0,3
Прочитати маркетингова кампанія,Виконати завдання з математики.,Навчання,474,17.0,31,0,2
Розрахувати бюджет на наради,Зібрати речі для поїздка.,Подорожі,126,8.0,25,0,2
Спланувати похід в кіно з друзями,Прибрати спортзал.,Особисте,292,,18,0,2
Організувати наради,Підготувати фінансовий звіт.,Робота,202,14.0,28,0,3
Вивчити 7 нових слів,Вивчити 16 нових слів.,Навчання,43,12.0,22,0,1
Прибрати спортзал,Спланувати похід в кіно з друзями.,Особисте,187,11.0,34,0,2
Спланувати похід в кіно з друзями,Спланувати похід в кіно з друзями.,Особисте,99,12.0,34,0,2
Вивчити 6 нових слів,,Навчання,219,21.0,24,0,2
Зібрати речі для поїздка,Забронювати готель.,Подорожі,258,30.0,19,0,2
Спланувати похід в кіно з друзями,Забронювати готель для вихідного дня.,Особисте,69,,37,0,2
Організувати наради,Підготувати звіт про маркетингова кампанія.,Робота,367,7.0,43,0,3
Зробити підготовка звіту,Підготувати фінансовий звіт.,Робота,328,13.0,28,0,3
Відвідати спортзал для спорту,Відвідати спортзал для спорту.,Спорт,195,8.0,30,0,2
Написати email,Підготувати звіт про маркетингова кампанія.,Робота,454,4.0,43,0,3
Організувати наради,Забронювати готель для вихідного дня.,Особисте,174,6.0,37,0,2
Прочитати маркетингова кампанія,Прочитати розділ маркетингова кампанія.,Навчання,419,0.0,39,1,3
Забронювати готель,Зібрати речі для поїздка.,Подорожі,109,,25,1,3
Виконати завдання з математики,Виконати завдання з математики.,Навчання,385,7.0,31,0,2
Підготуватися до спортивні змагання,Підготуватися до спортивні змагання.,Спорт,267,,36,0,2
Прибрати спортзал,Організувати наради.,Особисте,372,18.0,20,0,2
Підготувати фінансовий звіт,Підготувати звіт про маркетингова кампанія.,Робота,236,16.0,43,0,3
Підготуватися до наради,Підготуватися до наради.,Навчання,381,12.0,24,0,2
Пробігти 6 км,Пробігти 7 км.,Спорт,172,30.0,14,0,2
Спланувати поїздку до місто Узин,Забронювати готель.,Подорожі,356,13.0,19,0,2
Прочитати маркетингова кампанія,Виконати завдання з математики.,Навчання,166,21.0,31,0,2
Зібрати речі для поїздка,,Подорожі,224,-1.0,29,1,3
Створити презентацію на тему маркетингова кампанія,Створити презентацію на тему маркетингова кампанія.,Навчання,342,22.0,51,0,2
Спланувати похід в кіно з друзями,Прибрати спортзал.,Особисте,329,15.0,18,0,2
Тренування на біцепс,Пробігти 1 км.,Спорт,244,4.0,14,0,2
Спланувати похід в кіно з друзями,Організувати наради.,Особисте,446,13.0,20,0,2
Підготувати фінансовий звіт,Написати email клієнту щодо маркетингова кампанія.,Робота,205,25.0,50,0,3
Забронювати готель,Розрахувати бюджет на наради.,Подорожі,277,3.0,29,0,2
Організувати наради,Відвідати спортзал з родиною.,Особисте,425,19.0,29,0,2
Зробити підготовка звіту,Організувати наради для команди.,Робота,392,26.0,32,0,3
Відвідати спортзал для спорту,Підготуватися до спортивні змагання.,Спорт,343,21.0,36,0,2
Розрахувати бюджет на наради,Розрахувати бюджет на наради.,Подорожі,352,16.0,29,0,2
Забронювати готель,Спланувати поїздку до село Українка.,Подорожі,460,11.0,36,0,2
Вивчити 6 нових слів,Створити презентацію на тему маркетингова кампанія.,Навчання,438,28.0,51,0,2
Вивчити 12 нових слів,Прочитати розділ маркетингова кампанія.,Навчання,30,4.0,39,0,2
Вивчити 17 нових слів,Створити презентацію на тему маркетингова кампанія.,Навчання,61,17.0,51,0,2
Підготувати фінансовий звіт,Організувати наради для команди.,Робота,308,9.0,32,0,3
Підготуватися до спортивні змагання,Відвідати спортзал для спорту.,Спорт,142,21.0,30,0,2
Зібрати речі для поїздка,Розрахувати бюджет на наради.,Подорожі,237,3.0,29,0,2
Завершити підготовка звіту,Завершити проєктний аналіз перед 1985-03-18.,Робота,34,,44,0,1
Підготуватися до спортивні змагання,Пробігти 7 км.,Спорт,425,20.0,14,0,2
Зайнятися кардіо,Зайнятися кардіо.,Спорт,253,22.0,17,0,2
Забронювати готель для вихідного дня,Організувати наради.,Особисте,272,18.0,20,0,2
Спланувати похід в кіно з друзями,Організувати наради.,Особисте,306,30.0,20,0,2
Прибрати спортзал,Відвідати спортзал з родиною.,Особисте,44,29.0,29,0,1
Створити презентацію на тему маркетингова кампанія,Виконати завдання з математики.,Навчання,245,8.0,31,0,2
Тренування на біцепс,Тренування на біцепс.,Спорт,331,16.0,21,0,2
Розрахувати бюджет на наради,Зібрати речі для поїздка.,Подорожі,226,21.0,25,0,2
Забронювати готель для вихідного дня,Організувати наради.,Особисте,100,28.0,20,0,2
Створити презентацію на тему маркетингова кампанія,Вивчити 9 нових слів.,Навчання,227,21.0,21,0,2
Відвідати спортзал з родиною,Спланувати похід в кіно з друзями.,Особисте,91,-1.0,34,1,3
Зайнятися кардіо,,Спорт,478,17.0,14,0,2
Зібрати речі для поїздка,Розрахувати бюджет на наради.,Подорожі,157,28.0,29,0,2
Зібрати речі для поїздка,Розрахувати бюджет на наради.,Подорожі,433,10.0,29,0,2
Зібрати речі для поїздка,Забронювати готель.,Подорожі,107,5.0,19,0,2
Спланувати поїздку до місто Красногорівка,Розрахувати бюджет на наради.,Подорожі,333,22.0,29,0,2
Підготувати фінансовий звіт,Підготувати звіт про маркетингова кампанія.,Робота,99,16.0,43,0,2
Спланувати поїздку до місто Вуглегірськ,Зібрати речі для поїздка.,Подорожі,262,0.0,25,1,3
Підготуватися до наради,Підготуватися до наради.,Навчання,97,8.0,24,0,2
Створити презентацію на тему маркетингова кампанія,Виконати завдання з математики.,Навчання,437,19.0,31,0,2
Створити презентацію на тему маркетингова кампанія,Прочитати розділ маркетингова кампанія.,Навчання,360,14.0,39,0,2
Організувати наради,Організувати наради.,Особисте,440,,20,0,2
Спланувати похід в кіно з друзями,Забронювати готель для вихідного дня.,Особисте,88,12.0,37,0,2
Забронювати готель,Забронювати готель.,Подорожі,137,11.0,19,0,2
Тренування на біцепс,Відвідати спортзал для спорту.,Спорт,67,5.0,30,0,2
Підготувати фінансовий звіт,Підготувати звіт про маркетингова кампанія.,Робота,337,9.0,43,0,3
Створити презентацію на тему маркетингова кампанія,Прочитати розділ маркетингова кампанія.,Навчання,166,24.0,39,0,2
Підготуватися до наради,Прочитати розділ маркетингова кампанія.,Навчання,130,11.0,39,0,2
Спланувати похід в кіно з друзями,Організувати наради.,Особисте,24,9.0,20,0,1
Спланувати поїздку до селище Іллінці,Зібрати речі для поїздка.,Подорожі,238,19.0,25,0,2
Організувати наради,Написати email клієнту щодо маркетингова кампанія.,Робота,339,10.0,50,0,3
Вивчити 9 нових слів,Виконати завдання з математики.,Навчання,100,13.0,31,0,2
Зробити підготовка звіту,Організувати наради для команди.,Робота,416,4.0,32,0,3
Створити презентацію на тему маркетингова кампанія,Створити презентацію на тему маркетингова кампанія.,Навчання,66,14.0,51,0,2
Дослідити місцеві пам'ятки в селище Зеленодольськ,Забронювати готель.,Подорожі,118,25.0,19,0,2
Створити презентацію на тему маркетингова кампанія,Створити презентацію на тему маркетингова кампанія.,Навчання,49,30.0,51,0,1
Спланувати поїздку до хутір Златопіль,Дослідити місцеві визначні пам'ятки в хутір Селидове.,Подорожі,433,8.0,53,0,2
Відвідати спортзал для спорту,Тренування на біцепс.,Спорт,128,15.0,21,0,2
Організувати наради,Підготувати фінансовий звіт.,Робота,69,1.0,28,0,3
Підготуватися до наради,Прочитати розділ маркетингова кампанія.,Навчання,356,16.0,39,0,2
Спланувати похід в кіно з друзями,Забронювати готель для вихідного дня.,Особисте,261,16.0,37,0,2
Організувати наради,Спланувати похід в кіно з друзями.,Особисте,111,25.0,34,0,2
Забронювати готель,Забронювати готель.,Подорожі,284,25.0,19,0,2
Завершити підготовка звіту,,Робота,31,1.0,28,0,3
Підготуватися до наради,Вивчити 6 нових слів.,Навчання,437,15.0,21,0,2
Завершити підготовка звіту,Написати email клієнту щодо маркетингова кампанія.,Робота,310,27.0,50,0,3
Спланувати похід в кіно з друзями,Відвідати спортзал з родиною.,Особисте,328,3.0,29,0,2
Тренування на біцепс,Тренування на біцепс.,Спорт,35,,21,0,1
Організувати наради,Організувати наради для команди.,Робота,81,6.0,32,0,2
Дослідити місцеві пам'ятки в село Світлодарськ,Спланувати поїздку до хутір Чуднів.,Подорожі,292,16.0,35,0,2
Тренування на біцепс,Пробігти 8 км.,Спорт,60,1.0,14,0,3
Зробити підготовка звіту,Завершити проєктний аналіз перед 1976-11-18.,Робота,341,24.0,44,0,3
Написати email,Підготувати звіт про маркетингова кампанія.,Робота,249,19.0,43,0,3
Забронювати готель для вихідного дня,Відвідати спортзал з родиною.,Особисте,30,14.0,29,0,1
Підготуватися до спортивні змагання,Пробігти 4 км.,Спорт,189,19.0,14,0,2
Підготувати фінансовий звіт,Завершити проєктний аналіз перед 1983-01-19.,Робота,158,4.0,44,0,3
Спланувати поїздку до хутір Снігурівка,Розрахувати бюджет на наради.,Подорожі,104,7.0,29,0,2
Написати email,Підготувати звіт про маркетингова кампанія.,Робота,312,8.0,43,0,3
Спланувати поїздку до хутір Погребище,Дослідити місцеві визначні пам'ятки в хутір Амвросіївка.,Подорожі,136,6.0,56,0,2
Забронювати готель,Спланувати поїздку до селище Луцьк.,Подорожі,435,20.0,35,0,2
Зібрати речі для поїздка,Дослідити місцеві визначні пам'ятки в хутір Інкерман.,Подорожі,469,16.0,53,0,2
Зібрати речі для поїздка,Спланувати поїздку до селище Конотоп.,Подорожі,187,22.0,37,0,2
Зібрати речі для поїздка,Забронювати готель.,Подорожі,232,10.0,19,0,2
Зайнятися кардіо,Тренування на біцепс.,Спорт,320,2.0,21,0,2
Забронювати готель для вихідного дня,,Особисте,169,15.0,34,0,2
Відвідати спортзал з родиною,Прибрати спортзал.,Особисте,85,,18,0,2
Завершити підготовка звіту,Завершити проєктний аналіз перед 2016-02-12.,Робота,92,24.0,44,0,2
Організувати наради,Підготувати фінансовий звіт.,Робота,33,11.0,28,0,1
Відвідати спортзал для спорту,Пробігти 8 км.,Спорт,432,10.0,14,0,2
Підготуватися до наради,Створити презентацію на тему маркетингова кампанія.,Навчання,200,21.0,51,0,2
Завершити підготовка звіту,Організувати наради для команди.,Робота,466,8.0,32,0,3
Відвідати спортзал з родиною,Відвідати спортзал з родиною.,Особисте,329,27.0,29,0,2
Підготуватися до наради,Виконати завдання з математики.,Навчання,63,14.0,31,0,2
Розрахувати бюджет на наради,Зібрати речі для поїздка.,Подорожі,328,28.0,25,0,2
Спланувати поїздку до місто Білозерське,Дослідити місцеві визначні пам'ятки в селище Соледар.,Подорожі,186,6.0,53,0,2
Відвідати спортзал з родиною,Прибрати спортзал.,Особисте,177,0.0,18,1,3
Зробити підготовка звіту,Завершити проєктний аналіз перед 1985-01-09.,Робота,353,30.0,44,0,3
Створити презентацію на тему маркетингова кампанія,Виконати завдання з математики.,Навчання,328,24.0,31,0,2
Організувати наради,Спланувати похід в кіно з друзями.,Особисте,469,2.0,34,0,2
Дослідити місцеві пам'ятки в селище Кам'янське,Забронювати готель.,Подорожі,420,22.0,19,0,2
Забронювати готель для вихідного дня,Спланувати похід в кіно з друзями.,Особисте,98,-1.0,34,1,3
Дослідити місцеві пам'ятки в селище Черкаси,Забронювати готель.,Подорожі,291,18.0,19,0,2
Забронювати готель для вихідного дня,Відвідати спортзал з родиною.,Особисте,312,8.0,29,0,2
Виконати завдання з математики,Виконати завдання з математики.,Навчання,433,0.0,31,1,3
Зібрати речі для поїздка,Зібрати речі для поїздка.,Подорожі,200,16.0,25,0,2
Вивчити 17 нових слів,Виконати завдання з математики.,Навчання,407,21.0,31,0,2
Підготувати фінансовий звіт,Завершити проєктний аналіз перед 2009-06-22.,Робота,401,9.0,44,0,3
Зібрати речі для поїздка,Спланувати поїздку до місто Біла Церква.,Подорожі,420,23.0,40,0,2
Прочитати маркетингова кампанія,Підготуватися до наради.,Навчання,64,5.0,24,0,2
Створити презентацію на тему маркетингова кампанія,Підготуватися до наради.,Навчання,101,26.0,24,0,2
Підготувати фінансовий звіт,Підготувати фінансовий звіт.,Робота,379,3.0,28,0,3
Пробігти 8 км,Тренування на біцепс.,Спорт,124,11.0,21,0,2
Вивчити 14 нових слів,Створити презентацію на тему маркетингова кампанія.,Навчання,296,18.0,51,0,2
Підготуватися до наради,Створити презентацію на тему маркетингова кампанія.,Навчання,312,20.0,51,0,2
Відвідати спортзал для спорту,Зайнятися кардіо.,Спорт,385,16.0,17,0,2
Розрахувати бюджет на наради,Спланувати поїздку до село Березань.,Подорожі,261,4.0,36,0,2
Забронювати готель для вихідного дня,Забронювати готель для вихідного дня.,Особисте,299,26.0,37,0,2
Створити презентацію на тему маркетингова кампанія,Прочитати розділ маркетингова кампанія.,Навчання,433,12.0,39,0,2
Дослідити місцеві пам'ятки в село Нетішин,Зібрати речі для поїздка.,Подорожі,392,25.0,25,0,2
Вивчити 16 нових слів,Виконати завдання з математики.,Навчання,383,22.0,31,0,2
Відвідати спортзал для спорту,Підготуватися до спортивні змагання.,Спорт,411,9.0,36,0,2
Пробігти 1 км,Відвідати спортзал для спорту.,Спорт,245,20.0,30,0,2
Спланувати похід в кіно з друзями,,Особисте,208,28.0,34,0,2
Спланувати похід в кіно з друзями,Відвідати спортзал з родиною.,Особисте,70,-1.0,29,1,3
Зібрати речі для поїздка,Дослідити місцеві визначні пам'ятки в селище Полтава.,Подорожі,59,20.0,53,0,1
Організувати наради,Підготувати фінансовий звіт.,Робота,379,-1.0,28,1,3
Підготуватися до наради,Прочитати розділ маркетингова кампанія.,Навчання,332,30.0,39,0,2
Підготувати фінансовий звіт,Організувати наради для команди.,Робота,369,11.0,32,0,3
Підготувати фінансовий звіт,Підготувати фінансовий звіт.,Робота,148,23.0,28,0,3
Написати email,Організувати наради для команди.,Робота,131,,32,0,3
Відвідати спортзал для спорту,Відвідати спортзал для спорту.,Спорт,238,12.0,30,0,2
Розрахувати бюджет на наради,Спланувати поїздку до місто Ладижин.,Подорожі,178,14.0,36,0,2
Відвідати спортзал з родиною,Організувати наради.,Особисте,217,20.0,20,0,2
Дослідити місцеві пам'ятки в селище Хмільник,Розрахувати бюджет на наради.,Подорожі,195,7.0,29,0,2
Завершити підготовка звіту,Підготувати фінансовий звіт.,Робота,215,10.0,28,0,3
Підготуватися до спортивні змагання,Зайнятися кардіо.,Спорт,258,9.0,17,0,2
Спланувати поїздку до місто Канів,Зібрати речі для поїздка.,Подорожі,31,23.0,25,0,1
Виконати завдання з математики,Підготуватися до наради.,Навчання,66,22.0,24,0,2
Завершити підготовка звіту,Підготувати звіт про маркетингова кампанія.,Робота,221,3.0,43,0,3
Відвідати спортзал для спорту,Пробігти 4 км.,Спорт,335,24.0,14,0,2
Відвідати спортзал для спорту,,Спорт,328,19.0,30,0,2
Створити презентацію на тему маркетингова кампанія,Створити презентацію на тему маркетингова кампанія.,Навчання,408,24.0,51,0,2
Спланувати поїздку до хутір Волочиськ,Спланувати поїздку до хутір Кам'янка-Дніпровська.,Подорожі,424,,49,0,2
Зробити підготовка звіту,Організувати наради для команди.,Робота,456,25.0,32,0,3
Прочитати маркетингова кампанія,Підготуватися до наради.,Навчання,239,15.0,24,0,2
Зайнятися кардіо,Відвідати спортзал для спорту.,Спорт,105,-1.0,30,1,3
Розрахувати бюджет на наради,Спланувати поїздку до селище Бурштин.,Подорожі,443,20.0,37,0,2
Завершити підготовка звіту,Написати email клієнту щодо маркетингова кампанія.,Робота,354,3.0,50,0,3
Підготуватися до спортивні змагання,Підготуватися до спортивні змагання.,Спорт,172,,36,0,2
Відвідати спортзал для спорту,Відвідати спортзал для спорту.,Спорт,174,10.0,30,0,2
Забронювати готель для вихідного дня,Спланувати похід в кіно з друзями.,Особисте,182,3.0,34,0,2
Підготувати фінансовий звіт,Організувати наради для команди.,Робота,59,15.0,32,0,1
Підготуватися до спортивні змагання,Тренування на біцепс.,Спорт,87,17.0,21,0,2
Організувати наради,Організувати наради.,Особисте,317,13.0,20,0,2
Вивчити 7 нових слів,Створити презентацію на тему маркетингова кампанія.,Навчання,299,11.0,51,0,2
Відвідати спортзал для спорту,Тренування на біцепс.,Спорт,25,12.0,21,0,1
Відвідати спортзал з родиною,Прибрати спортзал.,Особисте,311,30.0,18,0,2
Зібрати речі для поїздка,Спланувати поїздку до хутір Середина-Буда.,Подорожі,202,1.0,42,0,3
Підготуватися до спортивні змагання,Тренування на біцепс.,Спорт,86,24.0,21,0,2
Відвідати спортзал для спорту,Тренування на біцепс.,Спорт,38,19.0,21,0,1
Забронювати готель,Розрахувати бюджет на наради.,Подорожі,148,2.0,29,0,2
Спланувати похід в кіно з друзями,Прибрати спортзал.,Особисте,201,27.0,18,0,2
Відвідати спортзал для спорту,Підготуватися до спортивні змагання.,Спорт,53,13.0,36,0,1
Відвідати спортзал для спорту,Тренування на біцепс.,Спорт,121,30.0,21,0,2
Забронювати готель,Забронювати готель.,Подорожі,266,9.0,19,0,2
Вивчити 13 нових слів,Виконати завдання з математики.,Навчання,480,28.0,31,0,2
Прибрати спортзал,Відвідати спортзал з родиною.,Особисте,301,4.0,29,0,2
Вивчити 18 нових слів,Підготуватися до наради.,Навчання,425,5.0,24,0,2
Зайнятися кардіо,Пробігти 4 км.,Спорт,48,11.0,14,0,1
Прочитати маркетингова кампанія,Створити презентацію на тему маркетингова кампанія.,Навчання,91,11.0,51,0,2
Розрахувати бюджет на наради,Спланувати поїздку до село Корсунь-Шевченківський.,Подорожі,433,21.0,50,0,2
Підготуватися до наради,Створити презентацію на тему маркетингова кампанія.,Навчання,162,-1.0,51,1,3
Створити презентацію на тему маркетингова кампанія,Створити презентацію на тему маркетингова кампанія.,Навчання,23,,51,0,2
Підготуватися до наради,Виконати завдання з математики.,Навчання,122,9.0,31,0,2
Написати email,Підготувати звіт про маркетингова кампанія.,Робота,122,18.0,43,0,3
Зайнятися кардіо,Зайнятися кардіо.,Спорт,366,22.0,17,0,2
Вивчити 13 нових слів,Підготуватися до наради.,Навчання,83,28.0,24,0,2
Зібрати речі для поїздка,Забронювати готель.,Подорожі,252,25.0,19,0,2
Дослідити місцеві пам'ятки в село Куп'янськ,Зібрати речі для поїздка.,Подорожі,144,23.0,25,0,2
Розрахувати бюджет на наради,,Подорожі,21,13.0,29,0,1
Підготуватися до наради,Підготуватися до наради.,Навчання,332,26.0,24,0,2
Виконати завдання з математики,Створити презентацію на тему маркетингова кампанія.,Навчання,78,13.0,51,0,2
Підготуватися до спортивні змагання,Тренування на біцепс.,Спорт,219,9.0,21,0,2
Тренування на біцепс,Підготуватися до спортивні змагання.,Спорт,403,24.0,36,0,2
Розрахувати бюджет на наради,Спланувати поїздку до місто Харків.,Подорожі,28,29.0,35,0,1
Прочитати маркетингова кампанія,Підготуватися до наради.,Навчання,284,3.0,24,0,2
Організувати наради,Спланувати похід в кіно з друзями.,Особисте,426,8.0,34,0,2
Прибрати спортзал,Організувати наради.,Особисте,119,24.0,20,0,2
Зібрати речі для поїздка,Забронювати готель.,Подорожі,213,16.0,19,0,2
Створити презентацію на тему маркетингова кампанія,Виконати завдання з математики.,Навчання,94,,31,0,2
Спланувати похід в кіно з друзями,Прибрати спортзал.,Особисте,323,21.0,18,0,2
Дослідити місцеві пам'ятки в хутір Кобеляки,Спланувати поїздку до місто Верхівцеве.,Подорожі,266,23.0,39,0,2
Створити презентацію на тему маркетингова кампанія,Підготуватися до наради.,Навчання,231,11.0,24,0,2
Дослідити місцеві пам'ятки в селище Умань,Забронювати готель.,Подорожі,238,9.0,19,0,2
Прочитати маркетингова кампанія,Прочитати розділ маркетингова кампанія.,Навчання,374,0.0,39,1,3
Спланувати похід в кіно з друзями,Організувати наради.,Особисте,59,9.0,20,0,1
Забронювати готель,Спланувати поїздку до село Дергачі.,Подорожі,163,18.0,35,0,2
Виконати завдання з математики,Вивчити 14 нових слів.,Навчання,297,12.0,22,0,2
Прочитати маркетингова кампанія,Вивчити 10 нових слів.,Навчання,377,,22,0,2
Дослідити місцеві пам'ятки в селище Покровськ,Спланувати поїздку до хутір Шептицький.,Подорожі,219,13.0,39,0,2
Прибрати спортзал,Спланувати похід в кіно з друзями.,Особисте,469,1.0,34,0,3
Спланувати поїздку до село Долина,Зібрати речі для поїздка.,Подорожі,125,4.0,25,0,2
Пробігти 5 км,Пробігти 7 км.,Спорт,263,15.0,14,0,2
Відвідати спортзал для спорту,Пробігти 10 км.,Спорт,223,7.0,15,0,2
Відвідати спортзал з родиною,Прибрати спортзал.,Особисте,86,10.0,18,0,2
Тренування на біцепс,,Спорт,372,2.0,14,0,2
Виконати завдання з математики,Вивчити 8 нових слів.,Навчання,264,15.0,21,0,2
Розрахувати бюджет на наради,Зібрати речі для поїздка.,Подорожі,279,26.0,25,0,2
Забронювати готель,Дослідити місцеві визначні пам'ятки в селище Ічня.,Подорожі,393,12.0,50,0,2
Відвідати спортзал з родиною,Відвідати спортзал з родиною.,Особисте,280,29.0,29,0,2
Підготувати фінансовий звіт,Написати email клієнту щодо маркетингова кампанія.,Робота,385,5.0,50,0,3
Зайнятися кардіо,Підготуватися до спортивні змагання.,Спорт,19,17.0,36,0,1
Прочитати маркетингова кампанія,Створити презентацію на тему маркетингова кампанія.,Навчання,464,6.0,51,0,2
Підготувати фінансовий звіт,Завершити проєктний аналіз перед 1974-02-01.,Робота,342,25.0,44,0,3
Тренування на біцепс,Відвідати спортзал для спорту.,Спорт,304,25.0,30,0,2
Розрахувати бюджет на наради,Зібрати речі для поїздка.,Подорожі,165,15.0,25,0,2
Підготуватися до спортивні змагання,Тренування на біцепс.,Спорт,35,24.0,21,0,1
Вивчити 15 нових слів,Підготуватися до наради.,Навчання,163,19.0,24,0,2
Виконати завдання з математики,Створити презентацію на тему маркетингова кампанія.,Навчання,135,19.0,51,0,2
Зробити підготовка звіту,Завершити проєктний аналіз перед 1985-05-28.,Робота,327,6.0,44,0,3
Підготуватися до спортивні змагання,Пробігти 5 км.,Спорт,425,28.0,14,0,2
Спланувати поїздку до місто Тисмениця,Спланувати поїздку до місто Гола Пристань.,Подорожі,265,8.0,42,0,2
Відвідати спортзал з родиною,Відвідати спортзал з родиною.,Особисте,273,26.0,29,0,2
Прочитати маркетингова кампанія,Прочитати розділ маркетингова кампанія.,Навчання,369,29.0,39,0,2
Підготувати фінансовий звіт,Організувати наради для команди.,Робота,149,,32,0,3
Прибрати спортзал,Прибрати спортзал.,Особисте,113,10.0,18,0,2
Вивчити 6 нових слів,Виконати завдання з математики.,Навчання,417,0.0,31,1,3
Виконати завдання з математики,Вивчити 10 нових слів.,Навчання,358,9.0,22,0,2
Підготуватися до наради,Прочитати розділ маркетингова кампанія.,Навчання,365,26.0,39,0,2
Спланувати поїздку до місто Івано-Франківськ,Розрахувати бюджет на наради.,Подорожі,252,17.0,29,0,2
Підготуватися до спортивні змагання,Зайнятися кардіо.,Спорт,338,0.0,17,1,3
Розрахувати бюджет на наради,Дослідити місцеві визначні пам'ятки в хутір Монастириська.,Подорожі,93,1.0,58,0,3
Зайнятися кардіо,Тренування на біцепс.,Спорт,213,16.0,21,0,2
Зібрати речі для поїздка,Спланувати поїздку до місто Моршин.,Подорожі,451,22.0,35,0,2
Створити презентацію на тему маркетингова кампанія,Підготуватися до наради.,Навчання,170,10.0,24,0,2
Пробігти 10 км,Тренування на біцепс.,Спорт,67,28.0,21,0,2
Виконати завдання з математики,Прочитати розділ маркетингова кампанія.,Навчання,463,2.0,39,0,2
Написати email,Завершити проєктний аналіз перед 2019-08-27.,Робота,38,8.0,44,0,1
Пробігти 1 км,Зайнятися кардіо.,Спорт,24,7.0,17,0,1
Дослідити місцеві пам'ятки в селище Хирів,Зібрати речі для поїздка.,Подорожі,390,26.0,25,0,2
Тренування на біцепс,Тренування на біцепс.,Спорт,346,16.0,21,0,2
Зробити підготовка звіту,Організувати наради для команди.,Робота,87,18.0,32,0,2
Підготувати фінансовий звіт,Організувати наради для команди.,Робота,70,27.0,32,0,2
Завершити підготовка звіту,Підготувати звіт про маркетингова кампанія.,Робота,448,26.0,43,0,3
Створити презентацію на тему маркетингова кампанія,Вивчити 13 нових слів.,Навчання,465,4.0,22,0,2
Спланувати похід в кіно з друзями,Забронювати готель для вихідного дня.,Особисте,221,19.0,37,0,2
Підготуватися до спортивні змагання,Зайнятися кардіо.,Спорт,365,12.0,17,0,2
Зайнятися кардіо,Відвідати спортзал для спорту.,Спорт,436,17.0,30,0,2
Завершити підготовка звіту,Підготувати фінансовий звіт.,Робота,263,17.0,28,0,3
Вивчити 11 нових слів,Створити презентацію на тему маркетингова кампанія.,Навчання,397,21.0,51,0,2
Завершити підготовка звіту,Підготувати звіт про маркетингова кампанія.,Робота,237,18.0,43,0,3
Прочитати маркетингова кампанія,Виконати завдання з математики.,Навчання,221,26.0,31,0,2
Завершити підготовка звіту,Написати email клієнту щодо маркетингова кампанія.,Робота,270,28.0,50,0,3
Прибрати спортзал,Спланувати похід в кіно з друзями.,Особисте,311,9.0,34,0,2
Спланувати похід в кіно з друзями,Спланувати похід в кіно з друзями.,Особисте,359,4.0,34,0,2
Спланувати поїздку до селище Устилуг,Забронювати готель.,Подорожі,58,9.0,19,0,1
Тренування на біцепс,Зайнятися кардіо.,Спорт,273,5.0,17,0,2
Зробити підготовка звіту,Завершити проєктний аналіз перед 2011-05-19.,Робота,428,18.0,44,0,3
Зібрати речі для поїздка,Дослідити місцеві визначні пам'ятки в хутір Івано-Франківськ.,Подорожі,307,20.0,61,0,2
Прибрати спортзал,Забронювати готель для вихідного дня.,Особисте,336,29.0,37,0,2
Виконати завдання з математики,Підготуватися до наради.,Навчання,281,17.0,24,0,2
Спланувати поїздку до село Харків,Зібрати речі для поїздка.,Подорожі,180,24.0,25,0,2
Підготувати фінансовий звіт,Написати email клієнту щодо маркетингова кампанія.,Робота,455,21.0,50,0,3
Організувати наради,Прибрати спортзал.,Особисте,286,17.0,18,0,2
Відвідати спортзал з родиною,Спланувати похід в кіно з друзями.,Особисте,30,22.0,34,0,1
Зробити підготовка звіту,Організувати наради для команди.,Робота,202,19.0,32,0,3
Організувати наради,Прибрати спортзал.,Особисте,100,21.0,18,0,2
Спланувати поїздку до місто Новогродівка,Дослідити місцеві визначні пам'ятки в село Хрестівка.,Подорожі,96,-1.0,53,1,3
Зробити підготовка звіту,Організувати наради для команди.,Робота,349,15.0,32,0,3
Організувати наради,Організувати наради.,Особисте,477,14.0,20,0,2
Спланувати поїздку до село Бахчисарай,Зібрати речі для поїздка.,Подорожі,183,0.0,25,1,3
Дослідити місцеві пам'ятки в хутір Борщів,Забронювати готель.,Подорожі,208,12.0,19,0,2
Зібрати речі для поїздка,Зібрати речі для поїздка.,Подорожі,17,26.0,25,0,1
Спланувати поїздку до місто Білгород-Дністровський,Забронювати готель.,Подорожі,326,1.0,19,0,3
Забронювати готель,Зібрати речі для поїздка.,Подорожі,115,4.0,25,0,2
Організувати наради,Прибрати спортзал.,Особисте,470,27.0,18,0,2
Підготуватися до спортивні змагання,Зайнятися кардіо.,Спорт,451,6.0,17,0,2
Відвідати спортзал для спорту,Зайнятися кардіо.,Спорт,251,19.0,17,0,2
Відвідати спортзал для спорту,Відвідати спортзал для спорту.,Спорт,269,11.0,30,0,2
Пробігти 2 км,Тренування на біцепс.,Спорт,303,27.0,21,0,2
Забронювати готель,Розрахувати бюджет на наради.,Подорожі,438,16.0,29,0,2
Підготувати фінансовий звіт,Написати email клієнту щодо маркетингова кампанія.,Робота,389,17.0,50,0,3
Вивчити 17 нових слів,Вивчити 6 нових слів.,Навчання,291,23.0,21,0,2
Відвідати спортзал з родиною,Прибрати спортзал.,Особисте,319,7.0,18,0,2
Відвідати спортзал з родиною,Відвідати спортзал з родиною.,Особисте,269,17.0,29,0,2
Вивчити 13 нових слів,Створити презентацію на тему маркетингова кампанія.,Навчання,174,30.0,51,0,2
Зробити підготовка звіту,Завершити проєктний аналіз перед 2015-02-12.,Робота,62,30.0,44,0,2
Спланувати поїздку до хутір Свалява,Розрахувати бюджет на наради.,Подорожі,58,13.0,29,0,1
Зібрати речі для поїздка,Дослідити місцеві визначні пам'ятки в хутір Біляївка.,Подорожі,108,2.0,53,0,2
Створити презентацію на тему маркетингова кампанія,Вивчити 13 нових слів.,Навчання,159,5.0,22,0,2
Розрахувати бюджет на наради,Дослідити місцеві визначні пам'ятки в хутір Чистякове.,Подорожі,235,4.0,54,0,2
Підготуватися до наради,Створити презентацію на тему маркетингова кампанія.,Навчання,193,4.0,51,0,2
Зібрати речі для поїздка,Зібрати речі для поїздка.,Подорожі,438,26.0,25,0,2
Зайнятися кардіо,Тренування на біцепс.,Спорт,31,5.0,21,0,2
Забронювати готель,Спланувати поїздку до село Вільногірськ.,Подорожі,39,26.0,40,0,1
Написати email,Підготувати фінансовий звіт.,Робота,42,4.0,28,0,2
Забронювати готель,Спланувати поїздку до селище Глобине.,Подорожі,50,2.0,37,0,2
Забронювати готель для вихідного дня,Забронювати готель для вихідного дня.,Особисте,66,27.0,37,0,2
Зробити підготовка звіту,Підготувати звіт про маркетингова кампанія.,Робота,198,5.0,43,0,3
Зробити підготовка звіту,Організувати наради для команди.,Робота,174,14.0,32,0,3
Спланувати поїздку до село Молочанськ,Розрахувати бюджет на наради.,Подорожі,476,18.0,29,0,2
Розрахувати бюджет на наради,Зібрати речі для поїздка.,Подорожі,249,26.0,25,0,2
Завершити підготовка звіту,Підготувати фінансовий звіт.,Робота,238,17.0,28,0,3
Спланувати поїздку до хутір Тульчин,Зібрати речі для поїздка.,Подорожі,159,4.0,25,0,2
Прибрати спортзал,Спланувати похід в кіно з друзями.,Особисте,39,0.0,34,1,3
Створити презентацію на тему маркетингова кампанія,,Навчання,297,5.0,51,0,2
Забронювати готель для вихідного дня,Відвідати спортзал з родиною.,Особисте,238,28.0,29,0,2
Прочитати маркетингова кампанія,Вивчити 6 нових слів.,Навчання,237,25.0,21,0,2
Забронювати готель,Дослідити місцеві визначні пам'ятки в селище Овруч.,Подорожі,71,30.0,51,0,2
Виконати завдання з математики,Створити презентацію на тему маркетингова кампанія.,Навчання,399,21.0,51,0,2
Розрахувати бюджет на наради,Спланувати поїздку до хутір Пустомити.,Подорожі,224,6.0,38,0,2
Забронювати готель для вихідного дня,Забронювати готель для вихідного дня.,Особисте,256,6.0,37,0,2
Організувати наради,Відвідати спортзал з родиною.,Особисте,303,-1.0,29,1,3
Підготувати фінансовий звіт,Підготувати фінансовий звіт.,Робота,395,11.0,28,0,3
Зробити підготовка звіту,Організувати наради для команди.,Робота,374,15.0,32,0,3
Розрахувати бюджет на наради,Зібрати речі для поїздка.,Подорожі,138,2.0,25,0,2
Виконати завдання з математики,Прочитати розділ маркетингова кампанія.,Навчання,331,5.0,39,0,2
Створити презентацію на тему маркетингова кампанія,Підготуватися до наради.,Навчання,122,15.0,24,0,2
Зібрати речі для поїздка,Зібрати речі для поїздка.,Подорожі,238,0.0,25,1,3
Створити презентацію на тему маркетингова кампанія,,Навчання,338,2.0,39,0,2
Забронювати готель для вихідного дня,Забронювати готель для вихідного дня.,Особисте,260,29.0,37,0,2
Завершити підготовка звіту,Завершити проєктний аналіз перед 2003-10-04.,Робота,23,29.0,44,0,1
Організувати наради,Організувати наради.,Особисте,130,18.0,20,0,2
Підготувати фінансовий звіт,Підготувати фінансовий звіт.,Робота,144,5.0,28,0,3
Написати email,Підготувати фінансовий звіт.,Робота,425,9.0,28,0,3
Зібрати речі для поїздка,,Подорожі,25,27.0,19,0,1
Спланувати поїздку до хутір Теплодар,Розрахувати бюджет на наради.,Подорожі,330,28.0,29,0,2
Прочитати маркетингова кампанія,Прочитати розділ маркетингова кампанія.,Навчання,442,30.0,39,0,2
Написати email,,Робота,160,4.0,28,0,3
Підготуватися до наради,Вивчити 17 нових слів.,Навчання,243,16.0,22,0,2
Дослідити місцеві пам'ятки в село Покровськ,Забронювати готель.,Подорожі,262,19.0,19,0,2
Відвідати спортзал з родиною,Організувати наради.,Особисте,68,0.0,20,1,3
Зайнятися кардіо,Підготуватися до спортивні змагання.,Спорт,146,11.0,36,0,2
Виконати завдання з математики,,Навчання,93,3.0,31,0,2
Спланувати похід в кіно з друзями,Спланувати похід в кіно з друзями.,Особисте,269,1.0,34,0,3
Розрахувати бюджет на наради,Спланувати поїздку до село Городенка.,Подорожі,480,18.0,37,0,2
Тренування на біцепс,Підготуватися до спортивні змагання.,Спорт,216,16.0,36,0,2
Підготуватися до спортивні змагання,Тренування на біцепс.,Спорт,405,1.0,21,0,3
Тренування на біцепс,Відвідати спортзал для спорту.,Спорт,180,,30,0,2
Підготуватися до спортивні змагання,Відвідати спортзал для спорту.,Спорт,83,14.0,30,0,2
Зайнятися кардіо,Відвідати спортзал для спорту.,Спорт,65,30.0,30,0,2
Прибрати спортзал,,Особисте,182,9.0,34,0,2
Спланувати похід в кіно з друзями,Забронювати готель для вихідного дня.,Особисте,36,20.0,37,0,1
Забронювати готель,Дослідити місцеві визначні пам'ятки в село Ківерці.,Подорожі,447,,51,0,2
Зробити підготовка звіту,Завершити проєктний аналіз перед 1976-10-05.,Робота,458,2.0,44,0,3
Створити презентацію на тему маркетингова кампанія,Виконати завдання з математики.,Навчання,254,19.0,31,0,2
Прибрати спортзал,Спланувати похід в кіно з друзями.,Особисте,322,7.0,34,0,2
Вивчити 20 нових слів,Підготуватися до наради.,Навчання,464,13.0,24,0,2
Організувати наради,Підготувати звіт про маркетингова кампанія.,Робота,323,20.0,43,0,3
Завершити підготовка звіту,Завершити проєктний аналіз перед 1997-02-10.,Робота,246,3.0,44,0,3
Тренування на біцепс,Зайнятися кардіо.,Спорт,301,25.0,17,0,2
Створити презентацію на тему маркетингова кампанія,Вивчити 8 нових слів.,Навчання,295,10.0,21,0,2
Вивчити 20 нових слів,Вивчити 7 нових слів.,Навчання,442,27.0,21,0,2
Зайнятися кардіо,Зайнятися кардіо.,Спорт,161,29.0,17,0,2
Пробігти 10 км,Тренування на біцепс.,Спорт,443,,21,1,3
Прибрати спортзал,,Особисте,136,20.0,20,0,2
Відвідати спортзал для спорту,Відвідати спортзал для спорту.,Спорт,337,30.0,30,0,2
Організувати наради,Відвідати спортзал з родиною.,Особисте,383,12.0,29,0,2
Пробігти 8 км,,Спорт,106,1.0,14,0,3
Відвідати спортзал з родиною,Організувати наради.,Особисте,477,8.0,20,0,2
Виконати завдання з математики,Вивчити 13 нових слів.,Навчання,382,18.0,22,0,2
Написати email,Підготувати звіт про маркетингова кампанія.,Робота,382,6.0,43,0,3
Розрахувати бюджет на наради,Забронювати готель.,Подорожі,89,16.0,19,0,2
Створити презентацію на тему маркетингова кампанія,Підготуватися до наради.,Навчання,357,22.0,24,0,2
Завершити підготовка звіту,Підготувати фінансовий звіт.,Робота,371,17.0,28,0,3
Вивчити 12 нових слів,Прочитати розділ маркетингова кампанія.,Навчання,44,25.0,39,0,1
Підготуватися до наради,Створити презентацію на тему маркетингова кампанія.,Навчання,130,22.0,51,0,2
Зібрати речі для поїздка,Зібрати речі для поїздка.,Подорожі,229,14.0,25,0,2
Пробігти 7 км,,Спорт,48,25.0,14,0,1
Організувати наради,Написати email клієнту щодо маркетингова кампанія.,Робота,17,28.0,50,0,1
Відвідати спортзал для спорту,Зайнятися кардіо.,Спорт,27,3.0,17,0,2
Організувати наради,Організувати наради для команди.,Робота,306,18.0,32,0,3
Прибрати спортзал,Спланувати похід в кіно з друзями.,Особисте,168,28.0,34,0,2
Дослідити місцеві пам'ятки в село Перещепине,Дослідити місцеві визначні пам'ятки в селище Благовіщенське.,Подорожі,201,10.0,60,0,2
Завершити підготовка звіту,Завершити проєктний аналіз перед 2002-08-21.,Робота,141,29.0,44,0,3
Прочитати маркетингова кампанія,Виконати завдання з математики.,Навчання,101,19.0,31,0,2
Зайнятися кардіо,Підготуватися до спортивні змагання.,Спорт,420,30.0,36,0,2
Зібрати речі для поїздка,Зібрати речі для поїздка.,Подорожі,472,12.0,25,0,2
Відвідати спортзал для спорту,Зайнятися кардіо.,Спорт,474,14.0,17,0,2
Дослідити місцеві пам'ятки в хутір Перещепине,Спланувати поїздку до місто Олександрія.,Подорожі,422,17.0,40,0,2
Організувати наради,Написати email клієнту щодо маркетингова кампанія.,Робота,480,13.0,50,0,3
Завершити підготовка звіту,Підготувати фінансовий звіт.,Робота,62,21.0,28,0,2
Організувати наради,Прибрати спортзал.,Особисте,116,4.0,18,0,2
Спланувати похід в кіно з друзями,Організувати наради.,Особисте,365,,20,0,2
Організувати наради,Організувати наради для команди.,Робота,319,6.0,32,0,3
Підготувати фінансовий звіт,Організувати наради для команди.,Робота,125,-1.0,32,1,3
Зайнятися кардіо,Зайнятися кардіо.,Спорт,298,19.0,17,0,2
Відвідати спортзал для спорту,Зайнятися кардіо.,Спорт,205,20.0,17,0,2
Написати email,Написати email клієнту щодо маркетингова кампанія.,Робота,187,3.0,50,0,3
Забронювати готель,Дослідити місцеві визначні пам'ятки в селище Звенигородка.,Подорожі,161,14.0,58,0,2
Спланувати поїздку до хутір Новгород-Сіверський,Дослідити місцеві визначні пам'ятки в хутір Фастів.,Подорожі,187,24.0,51,0,2
Спланувати поїздку до селище Благовіщенське,Дослідити місцеві визначні пам'ятки в село Світлодарськ.,Подорожі,99,1.0,56,0,3
Організувати наради,Написати email клієнту щодо маркетингова кампанія.,Робота,120,18.0,50,0,2
Підготуватися до наради,Підготуватися до наради.,Навчання,61,5.0,24,0,2
Написати email,Завершити проєктний аналіз перед 1986-03-16.,Робота,102,15.0,44,0,2
Спланувати поїздку до хутір Енергодар,Дослідити місцеві визначні пам'ятки в хутір Хмільник.,Подорожі,289,21.0,53,0,2
Підготувати фінансовий звіт,Підготувати звіт про маркетингова кампанія.,Робота,83,11.0,43,0,2
Зайнятися кардіо,Відвідати спортзал для спорту.,Спорт,199,21.0,30,0,2
Відвідати спортзал для спорту,Пробігти 2 км.,Спорт,228,9.0,14,0,2
Спланувати поїздку до село Узин,Зібрати речі для поїздка.,Подорожі,462,27.0,25,0,2
Вивчити 17 нових слів,Прочитати розділ маркетингова кампанія.,Навчання,461,3.0,39,0,2
Спланувати поїздку до місто Карлівка,Зібрати речі для поїздка.,Подорожі,394,17.0,25,0,2
Підготуватися до наради,Виконати завдання з математики.,Навчання,199,2.0,31,0,2
Підготувати фінансовий звіт,Організувати наради для команди.,Робота,113,3.0,32,0,2
Написати email,Підготувати звіт про маркетингова кампанія.,Робота,219,3.0,43,0,3
Відвідати спортзал для спорту,Підготуватися до спортивні змагання.,Спорт,124,,36,0,2
Завершити підготовка звіту,Написати email клієнту щодо маркетингова кампанія.,Робота,19,18.0,50,0,1
Відвідати спортзал з родиною,Відвідати спортзал з родиною.,Особисте,384,13.0,29,0,2
Виконати завдання з математики,Створити презентацію на тему маркетингова кампанія.,Навчання,479,12.0,51,0,2
Підготуватися до наради,Прочитати розділ маркетингова кампанія.,Навчання,267,27.0,39,0,2
Зайнятися кардіо,Підготуватися до спортивні змагання.,Спорт,117,17.0,36,0,2
Зібрати речі для поїздка,Спланувати поїздку до село Добромиль.,Подорожі,320,9.0,37,0,2
Розрахувати бюджет на наради,,Подорожі,334,14.0,29,0,2
Спланувати поїздку до село Тячів,Дослідити місцеві визначні пам'ятки в місто Гола Пристань.,Подорожі,181,10.0,58,0,2
Спланувати поїздку до село Жовті Води,Розрахувати бюджет на наради.,Подорожі,124,8.0,29,0,2
Підготуватися до спортивні змагання,Зайнятися кардіо.,Спорт,248,1.0,17,0,3
Організувати наради,Забронювати готель для вихідного дня.,Особисте,83,13.0,37,0,2
Вивчити 11 нових слів,,Навчання,296,8.0,31,0,2
Прочитати маркетингова кампанія,Вивчити 9 нових слів.,Навчання,63,5.0,21,0,2
Прочитати маркетингова кампанія,Виконати завдання з математики.,Навчання,126,16.0,31,0,2
Організувати наради,Завершити проєктний аналіз перед 2021-11-10.,Робота,385,28.0,44,0,3
Дослідити місцеві пам'ятки в хутір Дружківка,Зібрати речі для поїздка.,Подорожі,240,13.0,25,0,2
Відвідати спортзал для спорту,Пробігти 8 км.,Спорт,358,15.0,14,0,2
Організувати наради,Організувати наради.,Особисте,54,18.0,20,0,1
Пробігти 8 км,Тренування на біцепс.,Спорт,228,16.0,21,0,2
Організувати наради,Відвідати спортзал з родиною.,Особисте,365,25.0,29,0,2
Пробігти 10 км,Відвідати спортзал для спорту.,Спорт,104,23.0,30,0,2
Створити презентацію на тему маркетингова кампанія,Підготуватися до наради.,Навчання,111,28.0,24,0,2
Створити презентацію на тему маркетингова кампанія,Виконати завдання з математики.,Навчання,470,21.0,31,0,2
Спланувати похід в кіно з друзями,Забронювати готель для вихідного дня.,Особисте,365,11.0,37,0,2
Розрахувати бюджет на наради,Розрахувати бюджет на наради.,Подорожі,331,25.0,29,0,2
Написати email,Підготувати фінансовий звіт.,Робота,31,6.0,28,0,2
Дослідити місцеві пам'ятки в село Ковель,Забронювати готель.,Подорожі,145,12.0,19,0,2
Підготуватися до наради,Прочитати розділ маркетингова кампанія.,Навчання,307,,39,1,3
Завершити підготовка звіту,Написати email клієнту щодо маркетингова кампанія.,Робота,343,26.0,50,0,3
Розрахувати бюджет на наради,Спланувати поїздку до селище Погребище.,Подорожі,456,25.0,39,0,2
Зробити підготовка звіту,Написати email клієнту щодо маркетингова кампанія.,Робота,312,24.0,50,0,3
Прочитати маркетингова кампанія,Прочитати розділ маркетингова кампанія.,Навчання,95,30.0,39,0,2
Зробити підготовка звіту,Організувати наради для команди.,Робота,233,14.0,32,0,3
Організувати наради,Підготувати фінансовий звіт.,Робота,287,21.0,28,0,3
Спланувати поїздку до селище Златопіль,Зібрати речі для поїздка.,Подорожі,436,1.0,25,0,3
Відвідати спортзал для спорту,,Спорт,171,30.0,36,0,2
Зайнятися кардіо,Зайнятися кардіо.,Спорт,122,23.0,17,0,2
Вивчити 20 нових слів,Вивчити 8 нових слів.,Навчання,283,30.0,21,0,2
Відвідати спортзал з родиною,Відвідати спортзал з родиною.,Особисте,225,2.0,29,0,2
Пробігти 9 км,Зайнятися кардіо.,Спорт,250,19.0,17,0,2
Дослідити місцеві пам'ятки в хутір Рава-Руська,Зібрати речі для поїздка.,Подорожі,51,4.0,25,0,2
Пробігти 9 км,Відвідати спортзал для спорту.,Спорт,224,12.0,30,0,2
Пробігти 1 км,Відвідати спортзал для спорту.,Спорт,316,,30,0,2
Пробігти 5 км,Зайнятися кардіо.,Спорт,326,15.0,17,0,2
Створити презентацію на тему маркетингова кампанія,Підготуватися до наради.,Навчання,340,2.0,24,0,2
Вивчити 8 нових слів,Прочитати розділ маркетингова кампанія.,Навчання,478,-1.0,39,1,3
Створити презентацію на тему маркетингова кампанія,Створити презентацію на тему маркетингова кампанія.,Навчання,115,11.0,51,0,2
Забронювати готель для вихідного дня,Відвідати спортзал з родиною.,Особисте,169,18.0,29,0,2
Розрахувати бюджет на наради,Забронювати готель.,Подорожі,399,3.0,19,0,2
Тренування на біцепс,Тренування на біцепс.,Спорт,473,9.0,21,0,2
Дослідити місцеві пам'ятки в селище Стрий,Розрахувати бюджет на наради.,Подорожі,407,16.0,29,0,2
Підготуватися до наради,Підготуватися до наради.,Навчання,198,22.0,24,0,2
Зібрати речі для поїздка,Дослідити місцеві визначні пам'ятки в місто Великі Мости.,Подорожі,436,9.0,57,0,2
Завершити підготовка звіту,Написати email клієнту щодо маркетингова кампанія.,Робота,264,17.0,50,0,3
Підготуватися до спортивні змагання,Пробігти 3 км.,Спорт,381,22.0,14,0,2
Зайнятися кардіо,Пробігти 6 км.,Спорт,442,23.0,14,0,2
Завершити підготовка звіту,Завершити проєктний аналіз перед 2023-12-10.,Робота,219,15.0,44,0,3
Зробити підготовка звіту,Завершити проєктний аналіз перед 1970-11-10.,Робота,204,3.0,44,0,3
Підготуватися до наради,Виконати завдання з математики.,Навчання,335,20.0,31,0,2
Написати email,Організувати наради для команди.,Робота,413,19.0,32,0,3
Прибрати спортзал,Відвідати спортзал з родиною.,Особисте,310,2.0,29,0,2
Забронювати готель,Забронювати готель.,Подорожі,304,12.0,19,0,2
Підготуватися до спортивні змагання,Пробігти 3 км.,Спорт,258,23.0,14,0,2
Розрахувати бюджет на наради,Розрахувати бюджет на наради.,Подорожі,220,25.0,29,0,2
Підготуватися до спортивні змагання,Відвідати спортзал для спорту.,Спорт,184,20.0,30,0,2
Прибрати спортзал,Забронювати готель для вихідного дня.,Особисте,78,9.0,37,0,2
Спланувати похід в кіно з друзями,Забронювати готель для вихідного дня.,Особисте,405,12.0,37,0,2
Зробити підготовка звіту,Підготувати фінансовий звіт.,Робота,366,6.0,28,0,3
Організувати наради,,Особисте,362,23.0,29,0,2
Відвідати спортзал з родиною,Забронювати готель для вихідного дня.,Особисте,478,26.0,37,0,2
Спланувати поїздку до селище Харків,Забронювати готель.,Подорожі,259,5.0,19,0,2
Зібрати речі для поїздка,Спланувати поїздку до селище Городок.,Подорожі,41,11.0,37,0,1
Забронювати готель,Забронювати готель.,Подорожі,106,10.0,19,0,2
Зайнятися кардіо,Відвідати спортзал для спорту.,Спорт,355,30.0,30,0,2
Прочитати маркетингова кампанія,,Навчання,393,12.0,24,0,2
Завершити підготовка звіту,Написати email клієнту щодо маркетингова кампанія.,Робота,299,13.0,50,0,3
Підготуватися до спортивні змагання,Зайнятися кардіо.,Спорт,21,0.0,17,1,3
Зайнятися кардіо,Зайнятися кардіо.,Спорт,348,,17,0,2
Виконати завдання з математики,,Навчання,403,15.0,24,0,2
Прибрати спортзал,Організувати наради.,Особисте,315,6.0,20,0,2
Спланувати поїздку до селище Перечин,Спланувати поїздку до місто Сновськ.,Подорожі,262,25.0,36,0,2
Організувати наради,,Особисте,261,,18,0,2
Створити презентацію на тему маркетингова кампанія,Створити презентацію на тему маркетингова кампанія.,Навчання,441,14.0,51,0,2
Зібрати речі для поїздка,Забронювати готель.,Подорожі,182,0.0,19,1,3
Розрахувати бюджет на наради,Забронювати готель.,Подорожі,305,19.0,19,0,2
Спланувати похід в кіно з друзями,,Особисте,161,5.0,29,0,2
Розрахувати бюджет на наради,Забронювати готель.,Подорожі,422,14.0,19,0,2
Організувати наради,Забронювати готель для вихідного дня.,Особисте,139,27.0,37,0,2
Зібрати речі для поїздка,Спланувати поїздку до місто Красноперекопськ.,Подорожі,238,11.0,45,0,2
Підготуватися до спортивні змагання,,Спорт,301,0.0,17,1,3
Зробити підготовка звіту,Підготувати звіт про маркетингова кампанія.,Робота,228,22.0,43,0,3
Зайнятися кардіо,Пробігти 5 км.,Спорт,120,19.0,14,0,2
Виконати завдання з математики,Прочитати розділ маркетингова кампанія.,Навчання,155,14.0,39,0,2
Зібрати речі для поїздка,Розрахувати бюджет на наради.,Подорожі,171,18.0,29,0,2
Спланувати похід в кіно з друзями,Забронювати готель для вихідного дня.,Особисте,371,20.0,37,0,2
Тренування на біцепс,Підготуватися до спортивні змагання.,Спорт,268,6.0,36,0,2
Завершити підготовка звіту,Організувати наради для команди.,Робота,66,2.0,32,0,2
Забронювати готель,Зібрати речі для поїздка.,Подорожі,74,4.0,25,0,2
Відвідати спортзал з родиною,Забронювати готель для вихідного дня.,Особисте,445,12.0,37,0,2
Організувати наради,Відвідати спортзал з родиною.,Особисте,459,30.0,29,0,2
Спланувати похід в кіно з друзями,Спланувати похід в кіно з друзями.,Особисте,269,19.0,34,0,2
Написати email,Завершити проєктний аналіз перед 1979-03-02.,Робота,272,14.0,44,0,3
Завершити підготовка звіту,,Робота,410,7.0,43,0,3
Спланувати похід в кіно з друзями,Забронювати готель для вихідного дня.,Особисте,414,27.0,37,0,2
Пробігти 5 км,Пробігти 1 км.,Спорт,219,14.0,14,0,2
Підготуватися до спортивні змагання,Зайнятися кардіо.,Спорт,384,9.0,17,0,2
Створити презентацію на тему маркетингова кампанія,Створити презентацію на тему маркетингова кампанія.,Навчання,33,30.0,51,0,1
Написати email,Організувати наради для команди.,Робота,341,27.0,32,0,3
Розрахувати бюджет на наради,Зібрати речі для поїздка.,Подорожі,124,20.0,25,0,2
Вивчити 5 нових слів,Прочитати розділ маркетингова кампанія.,Навчання,248,22.0,39,0,2
Підготувати фінансовий звіт,Організувати наради для команди.,Робота,264,4.0,32,0,3
Тренування на біцепс,Пробігти 3 км.,Спорт,53,27.0,14,0,1
Відвідати спортзал для спорту,Відвідати спортзал для спорту.,Спорт,459,24.0,30,0,2
Забронювати готель для вихідного дня,Організувати наради.,Особисте,146,25.0,20,0,2
Зробити підготовка звіту,Організувати наради для команди.,Робота,268,6.0,32,0,3
Зайнятися кардіо,Підготуватися до спортивні змагання.,Спорт,293,9.0,36,0,2
Зробити підготовка звіту,Організувати наради для команди.,Робота,262,24.0,32,0,3
Зробити підготовка звіту,Завершити проєктний аналіз перед 1982-02-13.,Робота,240,0.0,44,1,3
Зайнятися кардіо,Тренування на біцепс.,Спорт,59,27.0,21,0,1
Зробити підготовка звіту,Підготувати фінансовий звіт.,Робота,260,19.0,28,0,3
Забронювати готель для вихідного дня,Прибрати спортзал.,Особисте,131,20.0,18,0,2
Підготуватися до наради,Створити презентацію на тему маркетингова кампанія.,Навчання,470,10.0,51,0,2
Прибрати спортзал,Спланувати похід в кіно з друзями.,Особисте,365,10.0,34,0,2
Тренування на біцепс,Тренування на біцепс.,Спорт,290,,21,0,2
Прочитати маркетингова кампанія,Виконати завдання з математики.,Навчання,411,21.0,31,0,2
Дослідити місцеві пам'ятки в місто Бердичів,Спланувати поїздку до село Апостолове.,Подорожі,154,26.0,38,0,2
Вивчити 6 нових слів,Вивчити 12 нових слів.,Навчання,47,17.0,22,0,1
Відвідати спортзал з родиною,Спланувати похід в кіно з друзями.,Особисте,436,30.0,34,0,2
Спланувати похід в кіно з друзями,Спланувати похід в кіно з друзями.,Особисте,19,21.0,34,0,1
Прочитати маркетингова кампанія,Підготуватися до наради.,Навчання,356,6.0,24,0,2
Завершити підготовка звіту,Підготувати звіт про маркетингова кампанія.,Робота,263,6.0,43,0,3
Дослідити місцеві пам'ятки в хутір Вільногірськ,Забронювати готель.,Подорожі,158,11.0,19,0,2
Прочитати маркетингова кампанія,Вивчити 13 нових слів.,Навчання,280,2.0,22,0,2
Підготуватися до наради,Виконати завдання з математики.,Навчання,431,,31,0,2
Створити презентацію на тему маркетингова кампанія,Прочитати розділ маркетингова кампанія.,Навчання,117,29.0,39,0,2
Відвідати спортзал для спорту,Підготуватися до спортивні змагання.,Спорт,101,29.0,36,0,2
Підготувати фінансовий звіт,Підготувати фінансовий звіт.,Робота,71,12.0,28,0,2
Підготуватися до наради,Підготуватися до наради.,Навчання,431,30.0,24,0,2
Вивчити 19 нових слів,Виконати завдання з математики.,Навчання,347,-1.0,31,1,3
Організувати наради,,Особисте,328,13.0,20,0,2
Прибрати спортзал,Організувати наради.,Особисте,234,14.0,20,0,2
Спланувати поїздку до місто Кодима,Спланувати поїздку до хутір Сарни.,Подорожі,158,18.0,34,0,2
Організувати наради,Відвідати спортзал з родиною.,Особисте,132,13.0,29,0,2
Підготуватися до наради,Створити презентацію на тему маркетингова кампанія.,Навчання,130,5.0,51,0,2
Прибрати спортзал,Забронювати готель для вихідного дня.,Особисте,165,3.0,37,0,2
Прибрати спортзал,Відвідати спортзал з родиною.,Особисте,375,15.0,29,0,2
Пробігти 9 км,Зайнятися кардіо.,Спорт,301,11.0,17,0,2
Зайнятися кардіо,Зайнятися кардіо.,Спорт,307,13.0,17,0,2
Відвідати спортзал з родиною,Відвідати спортзал з родиною.,Особисте,301,21.0,29,0,2
Зробити підготовка звіту,Підготувати звіт про маркетингова кампанія.,Робота,159,8.0,43,0,3
Зайнятися кардіо,Зайнятися кардіо.,Спорт,277,3.0,17,0,2
Зробити підготовка звіту,Підготувати фінансовий звіт.,Робота,129,20.0,28,0,3
Спланувати похід в кіно з друзями,Прибрати спортзал.,Особисте,357,2.0,18,0,2
Пробігти 10 км,Зайнятися кардіо.,Спорт,16,,17,0,1
Спланувати поїздку до місто Красноперекопськ,Зібрати речі для поїздка.,Подорожі,39,19.0,25,0,1
Вивчити 8 нових слів,Підготуватися до наради.,Навчання,344,11.0,24,0,2
Прибрати спортзал,Відвідати спортзал з родиною.,Особисте,132,27.0,29,0,2
Розрахувати бюджет на наради,Розрахувати бюджет на наради.,Подорожі,61,4.0,29,0,2
Зібрати речі для поїздка,Розрахувати бюджет на наради.,Подорожі,341,29.0,29,0,2
Підготуватися до спортивні змагання,Відвідати спортзал для спорту.,Спорт,419,12.0,30,0,2
Прочитати маркетингова кампанія,Підготуватися до наради.,Навчання,427,21.0,24,0,2
Відвідати спортзал з родиною,Організувати наради.,Особисте,104,14.0,20,0,2
Вивчити 18 нових слів,Прочитати розділ маркетингова кампанія.,Навчання,338,24.0,39,0,2
Підготувати фінансовий звіт,Підготувати звіт про маркетингова кампанія.,Робота,34,-1.0,43,1,3
Прочитати маркетингова кампанія,Прочитати розділ маркетингова кампанія.,Навчання,32,9.0,39,0,1
Прибрати спортзал,Організувати наради.,Особисте,18,9.0,20,0,1
Вивчити 13 нових слів,Підготуватися до наради.,Навчання,171,,24,0,2
Тренування на біцепс,Пробігти 2 км.,Спорт,454,28.0,14,0,2
Забронювати готель для вихідного дня,Організувати наради.,Особисте,180,9.0,20,0,2
Спланувати похід в кіно з друзями,Організувати наради.,Особисте,345,26.0,20,0,2
Тренування на біцепс,Підготуватися до спортивні змагання.,Спорт,131,27.0,36,0,2
Організувати наради,Прибрати спортзал.,Особисте,237,10.0,18,0,2
Організувати наради,Забронювати готель для вихідного дня.,Особисте,141,11.0,37,0,2
Забронювати готель,Дослідити місцеві визначні пам'ятки в хутір Дубровиця.,Подорожі,261,22.0,54,0,2
Забронювати готель для вихідного дня,Прибрати спортзал.,Особисте,134,29.0,18,0,2
Прибрати спортзал,Відвідати спортзал з родиною.,Особисте,369,9.0,29,0,2
Відвідати спортзал для спорту,Відвідати спортзал для спорту.,Спорт,287,15.0,30,0,2
Розрахувати бюджет на наради,Дослідити місцеві визначні пам'ятки в селище Нетішин.,Подорожі,288,8.0,53,0,2
Відвідати спортзал з родиною,Забронювати готель для вихідного дня.,Особисте,384,29.0,37,0,2
Виконати завдання з математики,Створити презентацію на тему маркетингова кампанія.,Навчання,170,2.0,51,0,2
Виконати завдання з математики,Вивчити 16 нових слів.,Навчання,298,17.0,22,0,2
Підготуватися до наради,Прочитати розділ маркетингова кампанія.,Навчання,231,13.0,39,0,2
Підготуватися до наради,Вивчити 17 нових слів.,Навчання,307,-1.0,22,1,3
Відвідати спортзал з родиною,Прибрати спортзал.,Особисте,63,9.0,18,0,2
Вивчити 5 нових слів,Виконати завдання з математики.,Навчання,432,12.0,31,0,2
Написати email,Підготувати фінансовий звіт.,Робота,37,0.0,28,1,3
Зробити підготовка звіту,Написати email клієнту щодо маркетингова кампанія.,Робота,143,8.0,50,0,3
Завершити підготовка звіту,Завершити проєктний аналіз перед 1973-09-24.,Робота,410,11.0,44,0,3
Відвідати спортзал з родиною,Відвідати спортзал з родиною.,Особисте,439,15.0,29,0,2
Відвідати спортзал для спорту,Підготуватися до спортивні змагання.,Спорт,239,17.0,36,0,2
Спланувати поїздку до село Токмак,Спланувати поїздку до хутір Болград.,Подорожі,350,7.0,36,0,2
Тренування на біцепс,Зайнятися кардіо.,Спорт,124,1.0,17,0,3
Підготуватися до спортивні змагання,Зайнятися кардіо.,Спорт,140,29.0,17,0,2
Зайнятися кардіо,Підготуватися до спортивні змагання.,Спорт,204,,36,0,2
Пробігти 4 км,Відвідати спортзал для спорту.,Спорт,160,21.0,30,0,2
Написати email,Підготувати звіт про маркетингова кампанія.,Робота,433,20.0,43,0,3
Спланувати поїздку до місто Самбір,Зібрати речі для поїздка.,Подорожі,255,18.0,25,0,2
Підготуватися до спортивні змагання,Зайнятися кардіо.,Спорт,320,12.0,17,0,2
Забронювати готель,Забронювати готель.,Подорожі,241,20.0,19,0,2
Тренування на біцепс,Зайнятися кардіо.,Спорт,19,11.0,17,0,1
Дослідити місцеві пам'ятки в місто Рудки,Розрахувати бюджет на наради.,Подорожі,171,11.0,29,0,2
Підготуватися до наради,Створити презентацію на тему маркетингова кампанія.,Навчання,53,12.0,51,0,1
Зайнятися кардіо,Пробігти 7 км.,Спорт,186,27.0,14,0,2
Зробити підготовка звіту,Підготувати фінансовий звіт.,Робота,135,27.0,28,0,3
Виконати завдання з математики,Вивчити 18 нових слів.,Навчання,35,15.0,22,0,1
Підготуватися до спортивні змагання,Пробігти 10 км.,Спорт,349,12.0,15,0,2
Тренування на біцепс,Підготуватися до спортивні змагання.,Спорт,231,,36,0,2
Тренування на біцепс,Тренування на біцепс.,Спорт,283,3.0,21,0,2
Відвідати спортзал для спорту,Зайнятися кардіо.,Спорт,234,19.0,17,0,2
Відвідати спортзал з родиною,Відвідати спортзал з родиною.,Особисте,314,14.0,29,0,2
Зайнятися кардіо,Пробігти 3 км.,Спорт,326,6.0,14,0,2
Відвідати спортзал для спорту,Пробігти 6 км.,Спорт,148,10.0,14,0,2
Зібрати речі для поїздка,Забронювати готель.,Подорожі,346,0.0,19,1,3
Підготуватися до спортивні змагання,Зайнятися кардіо.,Спорт,328,21.0,17,0,2
Прибрати спортзал,Забронювати готель для вихідного дня.,Особисте,321,27.0,37,0,2
Відвідати спортзал для спорту,Відвідати спортзал для спорту.,Спорт,374,30.0,30,0,2
Підготувати фінансовий звіт,Написати email клієнту щодо маркетингова кампанія.,Робота,279,10.0,50,0,3
Тренування на біцепс,,Спорт,344,21.0,30,0,2
Вивчити 6 нових слів,Вивчити 18 нових слів.,Навчання,119,29.0,22,0,2
Прочитати маркетингова кампанія,Створити презентацію на тему маркетингова кампанія.,Навчання,187,15.0,51,0,2
Відвідати спортзал з родиною,Прибрати спортзал.,Особисте,221,16.0,18,0,2
Забронювати готель для вихідного дня,Спланувати похід в кіно з друзями.,Особисте,360,17.0,34,0,2
Організувати наради,Прибрати спортзал.,Особисте,267,3.0,18,0,2
Організувати наради,Підготувати звіт про маркетингова кампанія.,Робота,313,,43,0,3
Вивчити 7 нових слів,Прочитати розділ маркетингова кампанія.,Навчання,388,4.0,39,0,2
Організувати наради,Організувати наради.,Особисте,180,15.0,20,0,2
Спланувати поїздку до село Жданівка,Спланувати поїздку до село Косів.,Подорожі,57,,33,1,3
Зайнятися кардіо,Відвідати спортзал для спорту.,Спорт,40,,30,0,2
Прибрати спортзал,Відвідати спортзал з родиною.,Особисте,165,26.0,29,0,2
Підготувати фінансовий звіт,Організувати наради для команди.,Робота,394,16.0,32,0,3
Прочитати маркетингова кампанія,,Навчання,213,4.0,31,0,2
Розрахувати бюджет на наради,Спланувати поїздку до селище Іршава.,Подорожі,350,24.0,36,0,2
Відвідати спортзал з родиною,Прибрати спортзал.,Особисте,207,,18,0,2
Створити презентацію на тему маркетингова кампанія,Прочитати розділ маркетингова кампанія.,Навчання,179,15.0,39,0,2
Зайнятися кардіо,Підготуватися до спортивні змагання.,Спорт,86,29.0,36,0,2
Підготуватися до спортивні змагання,Підготуватися до спортивні змагання.,Спорт,352,29.0,36,0,2
Забронювати готель,Розрахувати бюджет на наради.,Подорожі,182,8.0,29,0,2
Відвідати спортзал для спорту,Підготуватися до спортивні змагання.,Спорт,338,25.0,36,0,2
Завершити підготовка звіту,Підготувати звіт про маркетингова кампанія.,Робота,32,15.0,43,0,1
Дослідити місцеві пам'ятки в місто Торецьк,,Подорожі,131,30.0,39,0,2
Організувати наради,Спланувати похід в кіно з друзями.,Особисте,365,28.0,34,0,2
Відвідати спортзал з родиною,Забронювати готель для вихідного дня.,Особисте,196,0.0,37,1,3
Зробити підготовка звіту,Підготувати звіт про маркетингова кампанія.,Робота,398,27.0,43,0,3
Написати email,Завершити проєктний аналіз перед 1984-06-08.,Робота,19,28.0,44,0,1
Зібрати речі для поїздка,Дослідити місцеві визначні пам'ятки в місто Жданівка.,Подорожі,292,28.0,53,0,2
Спланувати похід в кіно з друзями,Забронювати готель для вихідного дня.,Особисте,117,29.0,37,0,2
Прибрати спортзал,Відвідати спортзал з родиною.,Особисте,280,0.0,29,1,3
Підготуватися до наради,Підготуватися до наради.,Навчання,280,1.0,24,0,3
Організувати наради,Відвідати спортзал з родиною.,Особисте,303,8.0,29,0,2
Спланувати поїздку до село Золоте,Розрахувати бюджет на наради.,Подорожі,95,9.0,29,0,2
Підготуватися до спортивні змагання,Зайнятися кардіо.,Спорт,173,-1.0,17,1,3
Відвідати спортзал для спорту,Відвідати спортзал для спорту.,Спорт,73,18.0,30,0,2
Спланувати поїздку до селище Лубни,Зібрати речі для поїздка.,Подорожі,356,8.0,25,0,2
Забронювати готель для вихідного дня,Відвідати спортзал з родиною.,Особисте,139,27.0,29,0,2
Організувати наради,Підготувати звіт про маркетингова кампанія.,Робота,17,16.0,43,0,1
Зібрати речі для поїздка,Забронювати готель.,Подорожі,453,5.0,19,0,2
Забронювати готель для вихідного дня,Організувати наради.,Особисте,306,25.0,20,0,2
Зайнятися кардіо,Підготуватися до спортивні змагання.,Спорт,142,3.0,36,0,2
Прочитати маркетингова кампанія,Створити презентацію на тему маркетингова кампанія.,Навчання,283,27.0,51,0,2
Зробити підготовка звіту,Підготувати фінансовий звіт.,Робота,105,10.0,28,0,2
Виконати завдання з математики,Виконати завдання з математики.,Навчання,29,3.0,31,0,2
Пробігти 6 км,Зайнятися кардіо.,Спорт,373,24.0,17,0,2
Створити презентацію на тему маркетингова кампанія,Створити презентацію на тему маркетингова кампанія.,Навчання,108,5.0,51,0,2
Зайнятися кардіо,Підготуватися до спортивні змагання.,Спорт,135,26.0,36,0,2
Прочитати маркетингова кампанія,Виконати завдання з математики.,Навчання,393,1.0,31,0,3
Організувати наради,Організувати наради.,Особисте,333,23.0,20,0,2
Відвідати спортзал для спорту,Підготуватися до спортивні змагання.,Спорт,175,27.0,36,0,2
Спланувати похід в кіно з друзями,Прибрати спортзал.,Особисте,84,3.0,18,0,2
Організувати наради,Прибрати спортзал.,Особисте,432,24.0,18,0,2
Розрахувати бюджет на наради,Забронювати готель.,Подорожі,300,22.0,19,0,2
Підготуватися до спортивні змагання,Відвідати спортзал для спорту.,Спорт,202,10.0,30,0,2
Дослідити місцеві пам'ятки в село Мала Виска,Спланувати поїздку до хутір Монастирище.,Подорожі,466,24.0,40,0,2
Вивчити 9 нових слів,Прочитати розділ маркетингова кампанія.,Навчання,333,6.0,39,0,2
Зробити підготовка звіту,Підготувати звіт про маркетингова кампанія.,Робота,33,16.0,43,0,1
Зробити підготовка звіту,Написати email клієнту щодо маркетингова кампанія.,Робота,286,20.0,50,0,3
Підготувати фінансовий звіт,Підготувати звіт про маркетингова кампанія.,Робота,366,29.0,43,0,3
Зробити підготовка звіту,Підготувати фінансовий звіт.,Робота,459,22.0,28,0,3
Забронювати готель,Дослідити місцеві визначні пам'ятки в селище Вільногірськ.,Подорожі,52,11.0,58,0,1
Тренування на біцепс,Підготуватися до спортивні змагання.,Спорт,120,7.0,36,0,2
Відвідати спортзал з родиною,,Особисте,38,27.0,34,0,1
Зробити підготовка звіту,Завершити проєктний аналіз перед 2022-02-06.,Робота,219,5.0,44,0,3
Вивчити 7 нових слів,Виконати завдання з математики.,Навчання,191,7.0,31,0,2
Прибрати спортзал,Організувати наради.,Особисте,310,12.0,20,0,2
Спланувати поїздку до хутір Залізне,Зібрати речі для поїздка.,Подорожі,117,24.0,25,0,2
Спланувати похід в кіно з друзями,Забронювати готель для вихідного дня.,Особисте,457,22.0,37,0,2
Виконати завдання з математики,Підготуватися до наради.,Навчання,328,5.0,24,0,2
Спланувати похід в кіно з друзями,Відвідати спортзал з родиною.,Особисте,334,14.0,29,0,2
Зайнятися кардіо,,Спорт,319,8.0,36,0,2
Організувати наради,Спланувати похід в кіно з друзями.,Особисте,99,7.0,34,0,2
Розрахувати бюджет на наради,Спланувати поїздку до місто Бучач.,Подорожі,232,5.0,34,0,2
Спланувати похід в кіно з друзями,Організувати наради.,Особисте,305,30.0,20,0,2
Виконати завдання з математики,Створити презентацію на тему маркетингова кампанія.,Навчання,430,11.0,51,0,2
Організувати наради,Спланувати похід в кіно з друзями.,Особисте,218,28.0,34,0,2
Завершити підготовка звіту,Завершити проєктний аналіз перед 1981-12-11.,Робота,373,7.0,44,0,3
Забронювати готель для вихідного дня,Відвідати спортзал з родиною.,Особисте,167,10.0,29,0,2
Організувати наради,Забронювати готель для вихідного дня.,Особисте,395,27.0,37,0,2
Вивчити 13 нових слів,Виконати завдання з математики.,Навчання,183,5.0,31,0,2
Спланувати поїздку до хутір Щолкіне,Розрахувати бюджет на наради.,Подорожі,142,,29,0,2
Підготувати фінансовий звіт,Написати email клієнту щодо маркетингова кампанія.,Робота,437,13.0,50,0,3
Тренування на біцепс,Відвідати спортзал для спорту.,Спорт,427,12.0,30,0,2
Виконати завдання з математики,Прочитати розділ маркетингова кампанія.,Навчання,421,28.0,39,0,2
Написати email,Написати email клієнту щодо маркетингова кампанія.,Робота,432,1.0,50,0,3
Прибрати спортзал,Прибрати спортзал.,Особисте,390,,18,0,2
Спланувати поїздку до хутір Вільнянськ,Дослідити місцеві визначні пам'ятки в село Баранівка.,Подорожі,327,8.0,53,0,2
Підготувати фінансовий звіт,Завершити проєктний аналіз перед 2019-04-26.,Робота,386,-1.0,44,1,3
Зайнятися кардіо,Відвідати спортзал для спорту.,Спорт,164,19.0,30,0,2
Написати email,Написати email клієнту щодо маркетингова кампанія.,Робота,64,,50,0,2
Організувати наради,Відвідати спортзал з родиною.,Особисте,197,19.0,29,0,2
Відвідати спортзал для спорту,Відвідати спортзал для спорту.,Спорт,121,11.0,30,0,2
Відвідати спортзал для спорту,Зайнятися кардіо.,Спорт,413,28.0,17,0,2
Зібрати речі для поїздка,Зібрати речі для поїздка.,Подорожі,145,19.0,25,0,2
Зайнятися кардіо,Зайнятися кардіо.,Спорт,325,10.0,17,0,2
Зробити підготовка звіту,Підготувати звіт про маркетингова кампанія.,Робота,137,8.0,43,0,3
Пробігти 2 км,Відвідати спортзал для спорту.,Спорт,171,21.0,30,0,2
Вивчити 12 нових слів,Виконати завдання з математики.,Навчання,305,21.0,31,0,2
Виконати завдання з математики,Вивчити 9 нових слів.,Навчання,318,14.0,21,0,2
Підготуватися до спортивні змагання,Пробігти 10 км.,Спорт,429,4.0,15,0,2
Підготуватися до спортивні змагання,Пробігти 9 км.,Спорт,18,16.0,14,0,1
Відвідати спортзал для спорту,Пробігти 4 км.,Спорт,53,26.0,14,0,1
Підготувати фінансовий звіт,Підготувати фінансовий звіт.,Робота,274,24.0,28,0,3
Підготувати фінансовий звіт,Написати email клієнту щодо маркетингова кампанія.,Робота,183,8.0,50,0,3
Зібрати речі для поїздка,,Подорожі,406,25.0,53,0,2
Вивчити 12 нових слів,Виконати завдання з математики.,Навчання,152,19.0,31,0,2
Пробігти 6 км,Відвідати спортзал для спорту.,Спорт,342,1.0,30,0,3
Забронювати готель для вихідного дня,Організувати наради.,Особисте,132,26.0,20,0,2
Забронювати готель для вихідного дня,Спланувати похід в кіно з друзями.,Особисте,417,16.0,34,0,2
Забронювати готель,Дослідити місцеві визначні пам'ятки в село Чернівці.,Подорожі,469,26.0,52,0,2
Забронювати готель,Зібрати речі для поїздка.,Подорожі,473,6.0,25,0,2
Спланувати похід в кіно з друзями,Забронювати готель для вихідного дня.,Особисте,418,4.0,37,0,2
Підготувати фінансовий звіт,Організувати наради для команди.,Робота,80,0.0,32,1,3
Підготувати фінансовий звіт,Підготувати фінансовий звіт.,Робота,37,25.0,28,0,1
Відвідати спортзал з родиною,Спланувати похід в кіно з друзями.,Особисте,111,19.0,34,0,2
Організувати наради,Завершити проєктний аналіз перед 2010-10-29.,Робота,326,17.0,44,0,3
Відвідати спортзал для спорту,Відвідати спортзал для спорту.,Спорт,311,27.0,30,0,2
Забронювати готель,Зібрати речі для поїздка.,Подорожі,18,7.0,25,0,1
Відвідати спортзал з родиною,Забронювати готель для вихідного дня.,Особисте,152,29.0,37,0,2
Написати email,Написати email клієнту щодо маркетингова кампанія.,Робота,147,17.0,50,0,3
Підготуватися до наради,Підготуватися до наради.,Навчання,27,28.0,24,0,1
Завершити підготовка звіту,Підготувати звіт про маркетингова кампанія.,Робота,410,23.0,43,0,3
Вивчити 12 нових слів,Вивчити 20 нових слів.,Навчання,66,26.0,22,0,2
Підготуватися до спортивні змагання,Підготуватися до спортивні змагання.,Спорт,91,7.0,36,0,2
Зробити підготовка звіту,,Робота,32,30.0,43,0,1
Тренування на біцепс,Відвідати спортзал для спорту.,Спорт,380,-1.0,30,1,3
Забронювати готель,Зібрати речі для поїздка.,Подорожі,85,12.0,25,0,2
Забронювати готель,Забронювати готель.,Подорожі,144,3.0,19,0,2
Організувати наради,Забронювати готель для вихідного дня.,Особисте,166,8.0,37,0,2
Спланувати похід в кіно з друзями,Забронювати готель для вихідного дня.,Особисте,346,4.0,37,0,2
Підготуватися до спортивні змагання,,Спорт,259,17.0,36,0,2
Зайнятися кардіо,Пробігти 3 км.,Спорт,401,1.0,14,0,3
Спланувати похід в кіно з друзями,Прибрати спортзал.,Особисте,219,23.0,18,0,2
Організувати наради,Забронювати готель для вихідного дня.,Особисте,52,3.0,37,0,2
Прибрати спортзал,Відвідати спортзал з родиною.,Особисте,367,23.0,29,0,2
Відвідати спортзал з родиною,Відвідати спортзал з родиною.,Особисте,19,27.0,29,0,1
Організувати наради,Прибрати спортзал.,Особисте,61,3.0,18,0,2
Тренування на біцепс,Пробігти 5 км.,Спорт,329,24.0,14,0,2
Зробити підготовка звіту,Написати email клієнту щодо маркетингова кампанія.,Робота,363,1.0,50,0,3
Спланувати поїздку до місто Бахмач,Розрахувати бюджет на наради.,Подорожі,280,,29,0,2
Відвідати спортзал для спорту,Пробігти 5 км.,Спорт,179,4.0,14,0,2
Зробити підготовка звіту,Підготувати фінансовий звіт.,Робота,47,26.0,28,0,1
Створити презентацію на тему маркетингова кампанія,Вивчити 7 нових слів.,Навчання,127,24.0,21,0,2
Написати email,,Робота,136,1.0,43,0,3
Вивчити 5 нових слів,Створити презентацію на тему маркетингова кампанія.,Навчання,382,18.0,51,0,2
Прочитати маркетингова кампанія,,Навчання,284,7.0,39,0,2
Спланувати поїздку до селище Сорокине,Зібрати речі для поїздка.,Подорожі,183,7.0,25,0,2
Спланувати поїздку до місто Златопіль,Спланувати поїздку до село Решетилівка.,Подорожі,284,29.0,39,0,2
Відвідати спортзал з родиною,Прибрати спортзал.,Особисте,60,10.0,18,0,1
Відвідати спортзал з родиною,Прибрати спортзал.,Особисте,201,14.0,18,0,2
Відвідати спортзал з родиною,Прибрати спортзал.,Особисте,121,18.0,18,0,2
Підготуватися до спортивні змагання,Відвідати спортзал для спорту.,Спорт,427,15.0,30,0,2
Зайнятися кардіо,Тренування на біцепс.,Спорт,152,30.0,21,0,2
Створити презентацію на тему маркетингова кампанія,Підготуватися до наради.,Навчання,140,17.0,24,0,2
Написати email,Завершити проєктний аналіз перед 2001-07-28.,Робота,278,12.0,44,0,3
Спланувати похід в кіно з друзями,Спланувати похід в кіно з друзями.,Особисте,152,17.0,34,0,2
Прибрати спортзал,Спланувати похід в кіно з друзями.,Особисте,385,22.0,34,0,2
Відвідати спортзал з родиною,Відвідати спортзал з родиною.,Особисте,381,19.0,29,0,2
Зайнятися кардіо,Відвідати спортзал для спорту.,Спорт,156,21.0,30,0,2
Зробити підготовка звіту,Завершити проєктний аналіз перед 2007-08-08.,Робота,105,12.0,44,0,2
Створити презентацію на тему маркетингова кампанія,Підготуватися до наради.,Навчання,59,7.0,24,0,1
Прибрати спортзал,Забронювати готель для вихідного дня.,Особисте,187,22.0,37,0,2
Підготуватися до наради,Прочитати розділ маркетингова кампанія.,Навчання,179,16.0,39,0,2
Вивчити 16 нових слів,Підготуватися до наради.,Навчання,440,,24,0,2
Спланувати похід в кіно з друзями,Спланувати похід в кіно з друзями.,Особисте,17,15.0,34,0,1
Забронювати готель для вихідного дня,Забронювати готель для вихідного дня.,Особисте,82,16.0,37,0,2
Прочитати маркетингова кампанія,Прочитати розділ маркетингова кампанія.,Навчання,286,1.0,39,0,3
Тренування на біцепс,Зайнятися кардіо.,Спорт,34,14.0,17,0,1
Пробігти 9 км,Пробігти 2 км.,Спорт,357,28.0,14,0,2
Відвідати спортзал для спорту,Підготуватися до спортивні змагання.,Спорт,109,25.0,36,0,2
Створити презентацію на тему маркетингова кампанія,Виконати завдання з математики.,Навчання,166,29.0,31,0,2
Спланувати поїздку до місто Корсунь-Шевченківський,Зібрати речі для поїздка.,Подорожі,50,25.0,25,0,1
Дослідити місцеві пам'ятки в село Чорноморськ,Спланувати поїздку до хутір Малин.,Подорожі,35,4.0,34,0,2
Підготуватися до наради,Виконати завдання з математики.,Навчання,456,13.0,31,0,2
Дослідити місцеві пам'ятки в місто Бобровиця,Дослідити місцеві визначні пам'ятки в хутір Зоринськ.,Подорожі,322,29.0,53,0,2
Організувати наради,Підготувати звіт про маркетингова кампанія.,Робота,133,20.0,43,0,3
Прибрати спортзал,Відвідати спортзал з родиною.,Особисте,387,19.0,29,0,2
Тренування на біцепс,Відвідати спортзал для спорту.,Спорт,171,13.0,30,0,2
Завершити підготовка звіту,Підготувати фінансовий звіт.,Робота,101,13.0,28,0,2
Організувати наради,Підготувати фінансовий звіт.,Робота,109,2.0,28,0,2
Створити презентацію на тему маркетингова кампанія,Прочитати розділ маркетингова кампанія.,Навчання,71,12.0,39,0,2
Пробігти 9 км,Тренування на біцепс.,Спорт,325,20.0,21,0,2
Відвідати спортзал для спорту,,Спорт,470,,17,0,2
Спланувати похід в кіно з друзями,Прибрати спортзал.,Особисте,85,23.0,18,0,2
Відвідати спортзал для спорту,Відвідати спортзал для спорту.,Спорт,224,5.0,30,0,2
Організувати наради,Прибрати спортзал.,Особисте,428,18.0,18,0,2
Вивчити 15 нових слів,Вивчити 7 нових слів.,Навчання,201,29.0,21,0,2
Виконати завдання з математики,Створити презентацію на тему маркетингова кампанія.,Навчання,254,12.0,51,0,2
Пробігти 4 км,,Спорт,162,-1.0,17,1,3
Зібрати речі для поїздка,Забронювати готель.,Подорожі,161,13.0,19,0,2
Відвідати спортзал з родиною,Відвідати спортзал з родиною.,Особисте,438,23.0,29,0,2
Тренування на біцепс,Тренування на біцепс.,Спорт,475,13.0,21,0,2
Спланувати похід в кіно з друзями,Прибрати спортзал.,Особисте,105,22.0,18,0,2
Організувати наради,Прибрати спортзал.,Особисте,71,11.0,18,0,2
Пробігти 6 км,Тренування на біцепс.,Спорт,346,28.0,21,0,2
Зайнятися кардіо,Пробігти 2 км.,Спорт,65,10.0,14,0,2
Спланувати похід в кіно з друзями,Відвідати спортзал з родиною.,Особисте,380,0.0,29,1,3
Завершити підготовка звіту,Підготувати фінансовий звіт.,Робота,338,15.0,28,0,3
Зробити підготовка звіту,Завершити проєктний аналіз перед 1997-07-07.,Робота,100,28.0,44,0,2
Прибрати спортзал,,Особисте,245,4.0,34,0,2
Забронювати готель,Забронювати готель.,Подорожі,253,8.0,19,0,2
Прочитати маркетингова кампанія,Створити презентацію на тему маркетингова кампанія.,Навчання,270,23.0,51,0,2
Відвідати спортзал з родиною,Прибрати спортзал.,Особисте,39,5.0,18,0,2
Організувати наради,Підготувати фінансовий звіт.,Робота,173,28.0,28,0,3
Забронювати готель для вихідного дня,Відвідати спортзал з родиною.,Особисте,408,19.0,29,0,2
Пробігти 9 км,Відвідати спортзал для спорту.,Спорт,371,28.0,30,0,2
Завершити підготовка звіту,Написати email клієнту щодо маркетингова кампанія.,Робота,161,15.0,50,0,3
Зайнятися кардіо,Відвідати спортзал для спорту.,Спорт,100,27.0,30,0,2
Написати email,Завершити проєктний аналіз перед 1974-10-31.,Робота,34,9.0,44,0,1
Дослідити місцеві пам'ятки в село Здолбунів,Забронювати готель.,Подорожі,182,9.0,19,0,2
Організувати наради,,Робота,464,3.0,44,0,3
Вивчити 9 нових слів,Підготуватися до наради.,Навчання,411,14.0,24,0,2
Зайнятися кардіо,Зайнятися кардіо.,Спорт,30,20.0,17,0,1
Створити презентацію на тему маркетингова кампанія,Прочитати розділ маркетингова кампанія.,Навчання,447,3.0,39,0,2
Забронювати готель для вихідного дня,Забронювати готель для вихідного дня.,Особисте,84,17.0,37,0,2
Прибрати спортзал,Спланувати похід в кіно з друзями.,Особисте,46,28.0,34,0,1
Відвідати спортзал для спорту,Відвідати спортзал для спорту.,Спорт,106,30.0,30,0,2
Організувати наради,Підготувати звіт про маркетингова кампанія.,Робота,249,,43,0,3
Зайнятися кардіо,Зайнятися кардіо.,Спорт,56,21.0,17,0,1
